assembly_id	Adenylsucc_synt	AdoHcyase	Archease	ATP-synt_D	ATP-synt_F	CarS-like	CTP-dep_RFKase	Diphthamide_syn	DNA_primase_lrg	dsDNA_bind	DUF357	DUF359	DUF655	eIF-6	FbpA	Ham1p_like	HMG-CoA_red	NDK	PPS_PS	Prefoldin	PTH2	PyrI	Ribosomal_L1	Ribosomal_L13	Ribosomal_L14	Ribosomal_L15e	Ribosomal_L16	Ribosomal_L21e	Ribosomal_L22	Ribosomal_L23	Ribosomal_L26	Ribosomal_L29	Ribosomal_L3	Ribosomal_L31e	Ribosomal_L32e	Ribosomal_L37ae	Ribosomal_L39	Ribosomal_L4	Ribosomal_L44	Ribosomal_L5e	Ribosomal_L6	Ribosomal_S11	Ribosomal_S13	Ribosomal_S15	Ribosomal_S17	Ribosomal_S17e	Ribosomal_S19	Ribosomal_S19e	Ribosomal_S2	Ribosomal_S24e	Ribosomal_S27e	Ribosomal_S28e	Ribosomal_S3Ae	Ribosomal_S7	Ribosomal_S8	Ribosomal_S8e	Ribosomal_S9	Ribosom_S12_S23	Rib_5-P_isom_A	RNase_HII	RNA_pol_L_2	RNA_pol_N	RNA_pol_Rpb4	RNA_pol_Rpb6	RtcB	SecY	Spt4	TIM	Trm56	tRNA-synt_1c	tRNA-synt_1d	tRNA-synt_His	TruD	vATP-synt_AC39	vATP-synt_E	V_ATPase_I
119648.assembled	0	0	1	0	0	0	0	2	0	1	1	0	1	0	1	0	1	0	0	1	1	0	1	1	1	1	1	1	1	1	1	1	1	1	1	1	0	1	1	1	1	1	1	1	1	1	1	1	1	1	1	1	1	1	1	1	1	1	0	1	1	1	1	1	1	0	1	1	1	1	1	1	1	0	0	0
129976.assembled	0	0	1	0	0	0	0	2	1	1	0	0	1	0	1	0	0	0	0	0	1	0	1	1	1	2	1	1	0	1	1	0	0	1	1	1	0	1	1	1	1	1	1	1	1	2	1	1	1	1	0	0	1	1	1	2	1	1	0	1	1	1	1	1	0	1	1	1	0	1	2	0	1	0	0	0
192056.assembled	0	0	1	0	0	0	0	2	0	0	1	0	1	0	0	0	0	0	0	0	0	0	0	1	1	1	1	1	1	1	1	1	1	0	1	1	0	1	1	1	1	1	1	1	1	1	1	1	1	1	1	0	1	0	1	1	1	0	0	1	1	0	1	1	1	1	1	1	1	1	1	1	1	0	0	0
192057.assembled	0	0	1	0	0	0	0	1	0	0	1	0	1	0	1	1	0	0	0	0	1	0	0	0	1	0	0	1	1	1	1	1	1	1	1	0	0	1	1	1	1	0	0	1	1	1	1	1	0	1	1	0	1	1	1	0	0	1	0	0	0	0	0	1	2	1	1	1	0	0	1	1	1	0	0	0
192058.assembled	0	0	1	0	0	0	0	1	1	0	1	0	1	1	0	0	0	1	0	1	0	0	1	1	1	1	1	1	1	1	1	1	1	1	1	1	0	1	1	1	1	1	1	0	1	1	1	1	1	1	1	1	0	0	1	1	1	0	0	0	1	1	1	1	1	1	1	0	1	1	1	1	0	0	0	0
2264265188	0	0	0	0	0	0	0	1	0	0	1	0	0	0	0	0	0	0	0	1	0	0	1	0	0	1	1	0	0	1	0	0	1	1	0	1	0	1	0	0	0	0	0	0	0	1	1	1	1	1	0	1	1	1	0	1	0	1	0	1	1	0	0	1	1	1	1	0	0	1	1	1	0	0	0	0
2264867070	0	0	1	0	0	0	0	2	0	0	1	0	1	1	0	0	0	1	0	1	0	0	1	1	1	1	1	1	1	1	1	1	1	1	1	1	0	1	0	1	1	1	1	1	1	1	1	1	1	1	0	1	1	1	1	1	1	1	0	1	0	1	1	1	1	1	1	0	1	1	1	1	0	0	0	0
90219.assembled	0	0	1	0	0	0	0	2	1	1	1	0	1	1	1	0	0	1	0	1	1	0	1	1	1	1	1	1	1	1	1	0	1	1	1	1	0	1	1	1	1	1	1	1	1	1	1	1	1	1	0	1	1	1	1	1	1	1	0	1	1	1	1	1	1	1	1	1	0	1	1	1	1	0	0	0
AMAL10_bin.15.permissive.fa	0	0	0	1	1	0	0	1	1	0	1	0	1	1	1	0	0	1	0	1	1	0	1	1	1	1	1	1	1	1	1	1	0	1	1	1	0	1	1	1	1	1	1	1	1	1	1	1	1	1	1	1	1	1	1	0	1	1	0	1	1	1	1	1	2	1	0	0	0	2	1	1	1	1	1	0
AMAL10_bin.65.orig.fa	0	0	1	0	1	0	0	0	1	0	1	0	0	0	0	1	0	0	0	0	0	0	0	0	0	1	2	1	0	0	0	1	0	1	1	1	1	0	0	0	1	0	0	2	0	1	0	0	1	1	0	0	0	1	0	1	0	1	1	1	0	0	1	1	1	0	1	2	1	1	1	1	1	1	1	1
AMAL11_bin.13.orig.fa	0	0	0	2	2	1	1	3	0	1	1	0	1	0	0	1	0	1	0	1	0	1	1	1	1	0	0	1	1	1	1	1	1	1	1	1	0	1	0	1	0	1	1	1	1	1	1	1	1	1	0	1	0	0	1	1	1	0	0	1	1	1	0	1	0	1	1	1	0	0	1	1	0	2	2	3
AMAL11_bin.21.orig.fa	1	1	1	1	0	0	1	1	1	1	1	0	1	1	0	0	1	1	0	1	1	0	1	1	1	1	1	1	1	1	1	1	1	1	0	1	0	1	1	0	1	0	1	1	0	1	0	1	0	1	1	1	0	1	1	1	1	1	1	1	1	1	0	0	1	1	1	1	1	1	1	0	1	1	0	1
AMAL11_bin.25.orig.fa	0	0	1	0	0	0	0	1	1	1	1	0	1	0	0	0	0	1	0	1	1	0	1	1	1	1	1	1	1	1	1	1	1	1	1	1	0	1	1	1	1	1	1	1	1	1	1	1	0	1	1	1	1	1	1	1	1	1	0	1	0	1	0	0	1	1	1	0	0	1	0	1	1	0	0	0
AMAL11_bin.39.orig.fa	1	1	1	1	1	1	0	1	1	1	1	0	0	0	0	2	0	1	2	1	1	1	2	2	1	1	1	1	1	1	1	1	1	1	1	1	0	1	1	1	1	1	1	1	1	1	1	1	1	1	1	1	1	1	1	1	2	1	0	1	0	2	1	1	1	1	1	1	0	1	0	0	0	1	1	2
AMAL11_bin.75.orig.fa	1	1	1	1	1	1	2	2	1	1	1	0	1	0	2	1	0	1	1	1	1	1	1	1	1	1	1	1	1	1	1	1	1	1	1	1	0	1	1	1	1	1	1	1	1	1	1	1	1	2	1	1	1	1	1	1	1	1	0	1	1	0	0	1	1	1	2	1	0	1	1	1	1	1	1	1
AMAL15_bin.11.permissive.fa	0	0	1	0	0	0	0	1	1	0	0	0	1	0	1	0	0	2	0	0	1	0	1	0	1	1	1	1	1	1	0	1	1	1	1	1	0	1	1	1	0	0	1	0	1	1	1	1	1	1	1	1	1	1	1	0	0	1	0	2	1	0	0	0	1	0	1	0	0	1	0	1	1	0	0	0
AMAL15_bin.2.orig.fa	0	1	1	1	0	1	1	2	1	1	0	0	0	0	1	1	0	1	1	1	1	1	1	1	1	1	1	1	1	1	1	1	1	0	1	2	0	1	1	1	1	1	1	1	1	1	1	1	1	1	1	1	1	1	1	0	1	1	0	1	1	1	1	1	1	1	1	1	0	1	0	1	0	0	0	0
AMAL20_bin.39.permissive.fa	0	0	1	0	0	0	0	2	1	0	0	0	1	0	0	0	0	1	0	1	0	0	1	1	1	1	1	1	1	1	0	1	1	0	1	1	0	1	0	1	1	1	1	0	1	1	2	0	1	1	0	1	1	1	1	1	1	1	0	1	1	1	0	1	2	1	1	0	0	1	1	1	0	0	0	0
AMAL2_bin.101.strict.fa	1	1	1	1	1	1	1	2	1	0	1	0	1	0	1	1	0	1	1	1	1	1	1	1	1	1	1	1	1	1	1	1	1	0	1	1	0	1	1	1	1	1	1	1	1	1	1	1	1	1	1	1	1	1	1	1	1	1	0	1	1	1	1	1	1	1	1	1	0	1	1	1	0	0	0	0
AMAL2_bin.76.strict.fa	1	1	0	0	0	0	1	1	1	1	1	0	1	0	1	1	0	0	1	1	1	1	1	0	1	1	1	1	1	1	1	1	1	1	1	1	0	1	1	1	1	0	0	1	1	1	1	1	1	1	1	0	1	1	1	1	0	1	0	1	0	0	0	1	0	1	1	0	0	1	0	1	1	0	0	0
AMAL2_bin.86.orig.fa	0	0	1	0	0	0	0	2	1	0	1	0	1	0	1	0	0	2	0	1	1	0	1	1	1	1	1	1	1	1	0	1	1	1	1	1	0	1	1	1	1	1	1	1	1	1	1	1	1	1	1	1	1	1	1	1	1	1	0	1	1	1	0	1	1	1	1	1	0	1	1	1	1	0	0	0
AMAL2_bin.8.strict.fa	0	0	0	0	0	1	0	2	0	1	0	0	1	0	1	0	0	1	0	0	0	0	1	1	0	0	1	1	1	1	0	0	1	1	1	1	0	1	0	1	1	1	1	1	0	0	1	1	1	1	1	1	1	0	1	0	1	0	0	0	0	1	1	1	1	1	1	1	0	1	1	1	1	0	0	0
AMAL3_bin.14.orig.fa	0	1	1	0	0	1	0	1	0	1	1	0	1	0	1	1	0	1	0	1	1	0	1	1	1	2	0	2	1	1	1	1	1	1	1	0	0	1	1	1	1	1	1	1	1	1	1	1	1	1	1	1	1	1	1	1	1	1	0	0	1	0	1	1	1	1	1	1	0	1	0	1	1	0	0	0
AMAL3_bin.24.orig.fa	1	1	1	1	0	1	1	1	1	1	0	0	0	0	0	1	0	1	1	1	1	0	1	1	1	1	1	1	1	1	1	1	1	1	1	0	0	1	1	1	1	1	1	1	1	1	1	1	1	1	1	1	1	1	1	1	1	1	0	1	1	1	1	1	1	1	1	1	0	0	1	1	0	0	0	0
AMAL3_bin.31.strict.fa	1	1	1	1	1	2	1	1	0	2	1	1	1	1	2	1	1	0	0	2	1	1	1	1	1	1	1	1	1	1	1	0	1	1	1	1	1	1	1	1	1	1	1	1	1	1	1	1	1	1	1	1	1	1	1	1	1	1	1	2	1	1	1	1	1	1	1	1	1	1	1	1	1	1	1	1
AMAL3_bin.36.orig.fa	0	1	1	0	2	1	1	1	1	1	2	0	1	0	1	1	0	1	0	1	1	0	0	2	1	1	1	0	1	1	1	1	1	1	1	0	0	1	1	1	1	1	1	1	1	1	1	1	1	1	0	1	1	0	1	1	2	1	0	0	1	1	0	3	2	1	1	1	0	1	1	1	1	2	2	2
AMAL3_bin.54.permissive.fa	0	0	1	0	0	0	0	2	1	0	1	0	1	0	1	0	0	2	0	1	1	0	1	1	1	1	1	1	1	1	0	1	1	1	1	1	0	1	1	1	1	1	1	1	1	1	1	1	1	1	1	1	1	1	1	1	1	1	0	1	1	1	0	1	1	1	1	1	0	1	1	1	1	0	0	0
AMAL7_bin.25.orig.fa	1	1	1	1	0	1	1	2	1	1	0	0	1	0	0	1	0	1	0	0	1	0	1	1	1	1	1	1	1	1	1	1	1	0	1	1	0	1	0	1	1	1	1	1	1	1	1	1	1	1	0	1	1	0	1	1	1	0	0	1	0	1	1	1	0	1	1	1	0	1	1	1	0	0	0	1
AMAL7_bin.33.orig.fa	0	2	1	1	1	1	1	1	2	0	0	0	1	0	2	0	0	1	0	1	0	0	1	1	1	1	1	1	1	1	1	1	1	0	1	1	0	1	1	1	1	1	1	0	1	1	1	0	1	0	0	1	1	1	1	1	1	1	0	0	1	1	1	1	2	1	0	1	0	1	1	0	1	1	1	1
AMAL7_bin.40.orig.fa	1	1	0	1	1	1	1	2	1	1	1	0	1	0	2	1	0	0	1	1	1	2	1	1	1	1	1	1	1	1	1	1	1	1	1	1	0	1	2	1	1	1	1	1	1	1	1	1	1	1	2	0	1	1	1	1	1	1	0	1	1	0	0	1	0	1	1	1	0	1	0	0	1	2	2	1
AMAL7_bin.50.strict.fa	0	0	1	0	0	0	0	1	1	1	1	1	1	0	0	1	1	0	0	0	0	1	1	1	1	0	1	0	0	1	1	0	1	1	1	0	0	1	1	0	1	0	0	1	1	0	1	1	1	1	0	0	1	1	1	1	1	1	0	1	1	1	0	0	0	0	0	1	1	0	0	0	1	0	1	1
AMAL7_bin.5.orig.fa	0	1	1	1	1	0	0	1	1	1	0	1	1	0	0	0	2	1	0	1	2	2	1	1	0	2	1	1	0	0	0	0	0	1	0	1	1	0	1	0	0	1	1	0	0	0	0	1	1	1	1	1	0	1	0	1	1	0	1	1	1	1	1	1	1	0	1	2	0	1	1	0	2	1	1	1
AMAL7_bin.72.strict.fa	0	0	1	0	0	0	0	2	1	0	1	0	1	0	1	0	0	2	0	1	1	0	1	1	1	1	1	1	1	1	0	1	1	1	1	1	0	1	1	1	1	1	1	1	1	1	1	1	1	1	1	1	1	1	1	1	1	1	0	1	1	1	0	1	1	1	1	1	0	1	1	1	1	0	0	0
AMAL7_bin.89.orig.fa	1	0	1	0	1	1	1	2	1	2	2	0	0	0	1	1	0	1	1	1	1	1	1	1	1	0	1	1	1	1	1	1	1	2	1	1	0	1	1	1	1	1	1	1	1	0	1	2	1	1	1	1	1	1	1	1	1	1	0	1	1	1	1	1	1	1	1	1	0	2	0	1	2	1	1	1
AMAL8_bin.10.permissive.fa	0	0	1	0	0	0	0	2	1	0	1	0	1	0	1	0	0	2	0	1	1	0	1	1	1	1	1	1	1	1	0	1	1	1	1	1	0	1	1	1	1	1	1	1	1	1	1	1	1	1	1	1	1	1	1	1	1	1	0	1	1	1	0	1	1	1	1	1	0	1	1	1	1	0	0	0
AMAL8_bin.19.orig.fa	0	1	1	0	0	0	0	2	0	1	1	0	1	0	1	0	0	1	0	0	0	0	1	1	0	1	1	1	0	0	1	0	0	2	1	1	0	0	1	1	1	1	1	1	0	0	0	1	1	1	1	1	1	1	1	1	1	1	0	0	2	1	1	1	1	1	1	1	0	1	1	1	1	0	0	0
AMAL8_bin.25.permissive.fa	1	1	1	1	1	2	1	1	0	2	1	1	1	1	1	1	1	0	0	2	1	1	1	1	1	1	1	1	1	1	1	1	1	1	1	1	1	1	1	1	1	1	1	1	1	1	1	1	0	1	1	1	1	0	1	1	1	1	1	2	1	1	1	1	1	1	1	1	1	1	1	1	1	1	1	1
AMAL8_bin.29.orig.fa	0	1	1	1	1	0	1	1	1	1	1	0	1	0	2	0	0	1	0	1	0	0	1	0	0	0	0	0	1	1	0	1	1	0	0	1	0	1	1	1	0	1	1	1	1	0	1	1	2	0	1	1	0	1	0	0	0	1	0	0	1	0	0	1	2	1	0	1	0	1	1	2	0	1	1	1
Fuchsman_bin.23.orig.fa	0	0	0	0	0	0	0	2	0	0	1	0	1	0	0	0	0	1	0	1	0	0	1	1	1	1	1	1	1	1	1	1	1	1	1	1	0	1	0	1	1	1	1	0	1	1	1	1	0	1	1	1	1	1	1	1	1	1	0	1	1	1	0	1	0	1	1	0	0	1	1	1	0	0	0	0
Fuchsman_bin.26.orig.fa	1	1	1	1	1	1	1	2	1	1	1	0	1	0	0	1	0	1	1	1	1	2	1	1	1	1	1	1	1	1	1	1	1	0	1	1	0	1	0	1	1	1	1	1	1	1	1	1	1	1	0	1	1	1	1	1	1	1	0	1	1	1	1	1	0	1	1	1	0	1	1	1	0	1	1	1
Fuchsman_bin.61.orig.fa	1	1	1	1	1	1	1	2	1	1	1	0	1	0	1	1	0	1	1	1	1	1	1	1	1	1	1	1	1	1	1	1	1	1	1	1	0	1	1	1	1	1	1	1	1	1	1	1	1	1	1	1	1	1	1	1	1	1	0	1	1	0	0	1	1	1	1	1	0	1	1	1	1	1	1	1
Ga0376201_contigs	1	1	0	0	0	1	0	2	0	0	1	0	0	1	1	0	0	1	0	1	1	0	1	1	0	0	1	1	0	0	0	0	0	0	0	1	0	0	1	0	0	1	0	1	0	1	0	0	1	1	1	1	1	1	0	1	1	1	0	1	0	0	1	1	0	0	1	1	0	1	1	0	0	0	0	0
GCA_000008085.1_ASM808v1_genomic	0	0	1	1	0	0	0	1	1	1	1	0	1	1	1	0	0	1	0	1	1	0	1	1	1	1	1	1	1	1	1	1	1	1	1	1	0	1	1	1	1	1	1	1	1	1	1	1	1	1	1	1	1	1	1	1	1	1	0	1	1	1	0	1	1	1	1	0	0	1	1	1	1	0	0	1
GCA_000387965.1_Nst1_genomic	0	0	1	0	0	0	0	2	1	1	1	0	1	1	1	0	0	1	0	1	1	0	1	1	1	0	1	1	1	1	1	0	1	1	1	1	0	1	1	1	1	0	1	1	1	1	1	1	1	1	0	1	1	1	1	0	1	1	0	1	1	1	1	1	1	1	1	1	0	1	1	1	1	0	0	0
GCA_000402355.1_ASM40235v1_genomic	0	1	1	1	1	1	1	1	1	1	1	0	1	1	1	0	2	1	1	1	1	1	1	1	1	1	1	1	1	1	1	1	1	0	1	1	0	1	1	1	1	1	1	1	1	1	1	1	1	1	1	1	1	1	1	0	1	1	1	1	1	1	0	1	1	1	1	1	1	1	1	1	1	1	1	1
GCA_001723835.1_ASM172383v1_genomic	1	1	2	1	2	1	1	1	0	0	0	1	1	0	0	0	0	1	1	2	1	1	1	0	1	1	1	1	0	1	0	1	1	1	0	0	0	1	0	0	0	0	1	1	1	1	1	1	0	1	1	0	0	1	0	1	0	1	1	0	0	1	1	1	1	0	1	0	1	1	1	1	1	1	2	2
GCA_001723845.1_ASM172384v1_genomic	0	1	0	1	1	1	1	2	1	1	0	1	1	1	1	1	1	0	0	1	1	1	1	1	1	0	1	1	1	1	1	1	1	1	1	1	1	1	0	1	1	0	1	0	1	0	1	0	1	1	0	0	1	1	1	1	1	0	1	0	0	1	1	1	1	1	1	1	1	1	1	1	1	1	1	0
GCA_001723855.1_ASM172385v1_genomic	0	2	1	1	0	1	1	1	1	1	1	1	0	0	2	1	1	1	1	0	1	0	1	1	1	1	1	1	0	1	0	0	1	1	1	0	1	1	0	1	1	1	1	1	1	1	0	0	0	1	1	1	1	1	1	1	1	1	0	2	0	1	1	1	1	1	0	1	1	1	1	1	1	1	1	1
GCA_001742785.1_ASM174278v1_genomic	1	1	1	1	1	1	1	2	1	1	1	0	0	1	2	1	1	1	0	1	1	1	1	1	1	1	1	1	1	1	1	1	1	1	1	1	1	1	1	1	1	1	1	1	1	1	1	1	1	1	1	1	1	1	1	1	1	1	1	2	0	1	0	1	1	1	0	1	1	1	1	1	2	1	1	1
GCA_001786395.1_ASM178639v1_genomic	0	0	1	0	0	0	0	2	0	0	0	0	1	0	0	1	0	4	0	1	0	0	1	1	1	1	1	1	1	1	1	1	1	1	1	1	0	1	1	1	1	0	1	0	1	1	1	1	1	1	1	1	1	1	1	1	1	1	0	1	1	0	0	1	1	1	1	0	0	0	1	0	0	0	0	0
GCA_001786425.1_ASM178642v1_genomic	1	0	0	0	0	0	0	0	0	0	0	0	1	0	0	0	0	0	0	1	0	0	1	0	1	1	1	1	1	1	1	1	1	1	0	0	1	1	0	1	1	2	1	0	1	1	1	1	1	1	0	1	1	1	1	1	1	0	0	1	1	0	1	1	1	1	1	0	0	1	1	0	0	0	0	0
GCA_001787285.1_ASM178728v1_genomic	0	0	1	0	0	0	0	2	1	0	1	0	1	0	0	0	0	2	0	1	0	0	1	1	1	1	1	1	1	1	1	1	1	1	1	1	0	1	0	1	1	1	1	0	1	1	1	1	1	1	0	1	1	1	1	1	1	1	0	1	1	1	0	1	1	1	1	0	0	1	1	1	0	0	0	0
GCA_001872185.1_ASM187218v1_genomic	0	0	1	0	0	0	0	1	0	0	1	0	1	0	0	0	0	1	0	1	0	0	1	1	1	0	1	1	1	1	1	0	1	1	1	1	0	1	1	1	1	1	1	1	1	1	1	1	1	0	0	1	1	1	1	1	1	1	0	0	1	0	0	1	1	1	0	1	0	1	1	0	0	0	0	0
GCA_001872325.1_ASM187232v1_genomic	0	0	1	0	0	0	0	0	0	0	0	0	1	0	0	1	0	2	0	1	0	0	1	1	1	1	1	1	1	1	1	1	1	1	1	1	0	1	0	1	1	1	1	0	1	1	1	1	1	1	0	1	1	1	1	1	1	1	0	1	0	1	0	1	1	1	1	0	0	1	1	1	0	0	0	0
GCA_002083985.1_ASM208398v1_genomic	1	1	1	1	1	0	1	0	0	1	1	1	1	1	1	1	1	1	1	1	1	1	1	1	1	1	1	1	1	1	1	1	1	1	1	1	0	1	0	1	1	1	1	1	1	1	1	0	0	1	1	1	1	1	1	1	1	1	1	1	0	0	1	0	1	1	1	0	1	1	1	0	0	1	1	1
GCA_002254395.1_ASM225439v1_genomic	0	0	1	0	0	0	0	1	0	0	1	0	1	0	0	0	0	1	0	1	0	0	1	0	1	1	0	1	1	1	1	1	1	1	0	1	0	1	0	0	1	1	1	0	1	1	1	1	1	0	0	1	1	1	1	1	0	1	0	0	1	1	0	1	1	1	0	0	0	0	1	0	0	0	0	0
GCA_002254405.1_ASM225440v1_genomic	0	1	1	1	0	1	0	2	1	0	0	1	1	1	1	0	0	0	0	0	1	1	0	1	1	1	1	0	0	0	1	1	0	1	1	1	0	0	1	1	1	1	1	1	1	0	0	0	1	1	1	1	1	1	1	1	1	1	0	1	0	1	1	1	1	1	1	0	1	1	0	1	1	1	0	1
GCA_002254495.1_ASM225449v1_genomic	0	0	1	0	0	0	0	2	0	1	0	0	0	0	0	0	0	1	0	1	0	0	1	1	1	0	1	0	1	1	1	1	1	1	1	1	0	1	1	1	1	1	1	1	1	1	1	1	0	0	1	1	0	1	1	1	1	1	0	1	1	1	0	0	1	1	0	0	0	1	0	0	0	0	0	0
GCA_002254565.1_ASM225456v1_genomic	1	1	1	1	1	1	1	2	1	1	1	1	1	1	2	1	1	1	1	1	1	1	1	1	1	1	1	1	1	1	1	1	1	1	1	1	1	1	1	1	1	1	1	0	1	1	1	1	1	1	1	1	0	1	1	1	1	1	1	1	1	1	1	1	1	1	1	1	1	1	1	1	1	1	1	1
GCA_002254805.1_ASM225480v1_genomic	0	0	0	0	0	0	0	1	0	1	1	0	1	0	0	0	0	0	0	0	0	1	1	1	1	1	1	1	0	0	1	1	1	1	1	0	0	0	0	1	1	1	1	1	1	1	0	1	0	1	1	1	0	1	1	0	1	1	0	0	1	1	0	1	0	1	1	0	0	0	0	0	0	0	0	0
GCA_002254945.1_ASM225494v1_genomic	0	1	1	2	1	1	1	2	1	1	1	1	0	0	1	1	1	1	0	1	0	1	1	1	1	1	1	0	1	0	1	1	0	0	1	1	1	0	1	1	1	1	1	1	1	1	1	1	1	1	1	0	1	0	1	1	1	1	1	3	0	1	0	1	1	1	1	0	1	1	1	2	1	1	1	1
GCA_002496015.1_ASM249601v1_genomic	1	0	1	0	0	0	0	0	0	0	0	0	1	0	0	0	0	0	0	2	0	0	1	1	1	1	1	1	1	1	1	1	1	1	1	1	0	1	0	1	1	1	1	0	1	1	1	1	1	1	0	1	0	1	1	1	1	1	0	1	1	1	0	1	1	1	1	1	0	1	1	1	0	0	0	0
GCA_002497285.1_ASM249728v1_genomic	0	0	1	0	0	0	0	0	0	0	0	0	1	0	0	0	0	1	0	1	0	0	1	1	1	1	1	1	1	1	1	1	1	1	1	1	0	1	0	1	1	1	1	0	1	1	1	1	1	1	1	1	1	1	1	1	1	1	0	1	1	1	1	1	1	1	1	0	0	1	1	1	0	0	0	0
GCA_002499185.1_ASM249918v1_genomic	1	0	1	0	0	0	0	2	1	0	1	0	1	0	0	1	0	1	0	1	0	0	1	1	1	1	1	1	1	1	1	1	1	1	1	1	0	1	0	1	1	1	1	0	1	1	1	1	0	1	1	1	1	1	1	1	1	1	0	2	1	1	1	1	1	1	1	0	0	1	1	1	0	0	0	0
GCA_002686195.1_ASM268619v1_genomic	2	0	0	0	0	0	0	0	0	0	0	0	1	0	0	0	0	2	0	1	1	0	1	1	1	1	1	1	1	1	1	0	1	1	1	1	0	1	0	1	1	1	1	0	1	1	1	1	0	1	0	0	1	1	1	1	1	1	0	0	1	0	1	1	2	1	0	0	0	0	1	1	0	0	0	0
GCA_002686355.1_ASM268635v1_genomic	0	0	1	0	0	0	0	2	0	0	1	0	1	0	0	0	0	1	0	1	0	0	1	1	1	0	1	1	1	1	1	1	1	1	1	1	0	1	0	1	1	1	1	0	1	1	1	1	1	1	0	1	1	1	1	1	1	1	0	1	1	1	0	1	1	1	1	0	0	1	0	1	0	0	0	0
GCA_002687255.1_ASM268725v1_genomic	0	0	0	0	0	0	0	0	0	0	0	0	1	0	0	0	0	1	0	1	0	1	1	1	1	1	1	1	1	1	1	0	1	1	1	1	0	1	0	1	1	1	1	0	0	1	1	1	0	1	0	0	1	1	1	1	1	1	0	0	1	1	0	0	1	1	1	1	0	1	1	1	0	0	0	0
GCA_002687825.1_ASM268782v1_genomic	0	0	1	0	0	0	0	2	0	0	1	0	1	1	0	0	0	1	0	1	0	0	1	1	1	1	1	1	1	1	1	1	1	0	1	1	0	1	1	1	1	1	1	1	1	1	1	0	1	1	1	1	1	1	1	1	1	1	0	1	1	1	1	0	1	1	1	1	1	1	0	1	1	0	0	0
GCA_002687975.1_ASM268797v1_genomic	0	0	1	0	0	0	0	0	0	0	1	0	1	0	0	0	0	2	0	1	0	0	1	1	1	1	0	1	1	1	1	0	1	1	1	1	0	1	0	1	1	1	1	0	1	1	1	1	0	1	0	0	1	1	1	1	1	1	0	1	1	1	0	0	1	1	0	0	0	1	1	1	0	0	0	0
GCA_002688015.1_ASM268801v1_genomic	0	0	0	0	0	0	0	0	0	0	0	0	1	0	0	0	0	0	0	1	0	0	1	1	1	1	1	1	1	1	1	0	1	1	1	1	1	1	0	1	1	1	1	0	1	1	1	1	1	1	0	1	0	2	1	1	1	2	0	1	1	1	0	1	1	1	0	1	0	1	0	1	0	0	0	0
GCA_002688165.1_ASM268816v1_genomic	0	0	0	0	0	0	0	2	0	0	1	0	1	0	0	0	0	1	0	0	0	0	1	1	1	1	0	1	1	1	1	0	1	0	1	1	0	1	0	1	1	1	1	0	1	1	1	1	1	1	1	1	0	1	1	0	1	1	0	1	1	1	0	1	0	0	1	0	0	1	1	0	0	0	0	0
GCA_002688335.1_ASM268833v1_genomic	1	0	0	0	0	0	0	2	0	0	1	0	0	0	0	0	0	1	0	0	0	0	1	1	1	2	1	1	1	1	1	1	1	0	1	1	0	1	0	1	1	0	0	0	1	0	1	0	0	1	1	1	0	1	1	1	1	1	0	1	1	1	0	1	0	1	1	0	0	1	1	1	0	0	0	0
GCA_002688415.1_ASM268841v1_genomic	0	0	1	0	0	1	0	1	0	0	1	0	1	0	0	0	0	1	0	0	0	0	1	1	1	1	1	1	1	1	1	0	1	1	1	1	0	1	1	1	1	1	1	0	1	1	1	1	1	1	1	1	1	1	1	2	1	1	0	1	0	1	0	1	1	1	1	0	0	1	1	1	1	0	0	0
GCA_002688755.1_ASM268875v1_genomic	0	0	1	0	0	0	0	2	0	0	1	0	1	0	0	0	0	1	0	1	0	0	1	1	1	1	1	1	1	1	1	1	1	1	1	1	0	1	0	1	1	1	1	0	1	1	1	1	1	0	0	1	0	2	1	1	1	2	0	1	1	1	0	1	1	1	1	0	0	2	2	1	0	0	0	0
GCA_002688875.1_ASM268887v1_genomic	0	1	0	0	0	0	0	0	0	0	1	0	1	0	0	0	0	1	0	1	0	0	1	1	1	1	1	1	1	1	1	1	1	0	1	1	0	1	0	1	1	1	1	0	1	1	1	1	0	1	0	0	1	1	1	1	1	1	0	1	1	0	0	1	0	1	1	1	0	0	1	0	0	0	0	0
GCA_002689985.1_ASM268998v1_genomic	0	0	0	0	0	0	0	2	0	0	1	0	1	0	0	0	0	1	0	1	0	0	1	0	1	1	1	1	1	1	1	1	1	0	1	1	0	1	0	1	1	1	1	0	1	1	1	0	1	1	0	0	1	1	1	1	0	1	0	1	1	0	0	1	1	0	1	0	0	0	1	0	0	0	0	0
GCA_002690445.1_ASM269044v1_genomic	2	0	1	0	0	0	0	2	0	0	1	0	1	0	0	0	0	0	0	0	0	0	1	1	1	1	1	1	0	1	1	0	1	1	1	0	0	1	0	1	1	1	1	0	1	0	1	1	1	1	0	1	0	1	1	0	1	1	0	1	0	1	0	1	1	1	1	0	0	1	1	1	0	0	0	0
GCA_002731115.1_ASM273111v1_genomic	0	0	2	0	0	0	0	2	1	0	0	0	1	0	0	0	0	1	0	1	0	0	1	1	1	1	1	1	1	1	1	1	1	1	1	1	0	1	0	1	1	1	1	0	1	1	1	1	1	1	0	0	1	0	1	1	1	0	0	1	1	1	0	1	2	1	1	0	0	0	0	1	0	0	0	0
GCA_002763035.1_ASM276303v1_genomic	0	0	1	0	0	0	0	1	0	0	1	0	1	0	0	0	0	1	0	1	0	0	1	1	1	0	0	1	1	1	1	0	1	1	1	0	0	1	0	1	1	1	1	0	1	0	1	1	0	1	0	1	0	1	1	1	1	1	0	1	1	0	0	1	1	1	1	0	0	0	1	1	0	0	0	0
GCA_002763075.1_ASM276307v1_genomic	0	0	1	0	0	0	0	0	0	0	0	0	1	0	0	1	0	2	0	1	0	0	1	1	1	1	1	1	1	1	1	1	1	1	1	1	0	1	0	1	1	1	1	0	1	1	1	1	1	1	0	1	1	1	1	1	1	1	0	1	0	1	0	1	1	1	1	1	0	1	1	1	0	0	0	0
GCA_002763085.1_ASM276308v1_genomic	0	0	1	0	0	0	0	2	0	0	1	0	1	0	0	0	0	0	0	1	0	0	1	1	1	1	1	1	1	1	1	1	1	1	1	1	0	1	0	1	1	1	1	0	1	1	1	1	1	1	0	1	1	1	1	0	1	1	0	1	1	1	0	1	1	1	0	1	0	1	1	1	0	0	0	0
GCA_002763115.1_ASM276311v1_genomic	0	1	1	0	0	0	0	2	1	0	1	0	1	0	0	0	0	1	0	1	0	0	1	1	1	1	1	1	1	1	1	1	1	1	1	1	0	1	1	1	2	1	1	1	1	1	1	1	1	1	1	1	1	1	1	1	1	1	0	1	1	1	1	1	1	1	1	0	0	1	1	1	0	0	0	0
GCA_002763155.1_ASM276315v1_genomic	0	0	1	0	0	0	0	2	0	0	1	0	1	0	0	0	0	1	0	1	0	0	1	1	1	1	1	1	1	1	1	0	1	1	1	1	0	1	0	1	1	1	1	0	1	1	1	1	1	1	0	1	1	1	1	1	1	1	0	1	1	1	0	1	0	1	0	1	0	1	1	1	0	0	0	0
GCA_002763165.1_ASM276316v1_genomic	0	0	1	0	0	0	0	0	0	0	0	0	1	0	0	0	0	1	0	1	0	0	1	1	1	1	1	1	1	1	1	0	1	1	1	1	0	1	1	1	1	1	1	0	1	1	1	1	1	1	1	1	1	1	1	1	1	1	0	1	0	1	1	1	1	1	1	1	0	0	1	2	0	0	0	0
GCA_002780285.1_ASM278028v1_genomic	0	0	1	0	0	0	0	1	1	0	1	0	1	0	0	0	0	1	0	1	0	0	1	1	1	1	1	1	1	1	1	1	1	1	1	1	0	1	1	1	1	1	1	1	1	1	1	1	1	1	1	1	1	1	1	1	1	1	0	1	1	1	1	1	1	1	1	0	0	1	1	0	0	0	0	0
GCA_002783845.1_ASM278384v1_genomic	0	1	1	1	0	0	1	1	0	0	0	1	0	1	1	0	1	1	1	1	1	1	1	1	0	1	1	0	1	1	1	1	1	1	1	1	1	1	1	1	1	1	1	1	1	1	1	1	1	1	1	1	1	1	1	1	1	0	1	1	0	0	0	1	1	0	1	0	1	1	0	1	1	1	1	1
GCA_002788575.1_ASM278857v1_genomic	0	0	1	0	0	0	0	2	0	0	0	0	1	0	0	1	0	1	0	1	0	0	0	1	0	0	1	1	1	1	0	0	1	1	0	1	0	1	0	1	0	1	1	0	0	0	1	1	1	1	0	1	1	1	0	0	1	1	0	0	1	1	0	1	1	1	1	0	0	1	0	0	0	0	0	0
GCA_002792675.1_ASM279267v1_genomic	0	0	1	0	0	0	0	1	0	0	0	0	1	0	0	0	0	1	0	1	0	0	1	1	1	1	1	1	1	1	1	1	1	1	1	0	0	1	0	1	1	1	1	0	1	1	1	1	1	0	0	1	1	1	1	1	1	1	0	1	1	1	0	1	1	0	1	0	0	1	1	1	0	0	0	0
GCA_002794175.1_ASM279417v1_genomic	0	0	0	0	0	0	0	1	0	0	1	0	1	0	0	0	0	0	0	1	0	0	1	1	1	1	1	1	1	1	1	1	1	1	1	1	0	1	0	1	1	1	1	0	1	2	1	1	1	1	0	2	1	1	1	0	1	1	0	1	1	1	0	1	1	1	0	0	0	1	1	1	0	0	0	0
GCA_002794195.1_ASM279419v1_genomic	0	0	1	0	0	0	0	2	0	0	2	0	1	0	0	1	0	1	0	1	0	0	1	1	2	1	1	1	2	2	2	2	3	1	1	1	0	2	0	1	1	1	1	0	2	1	2	1	1	1	0	1	1	1	2	1	1	1	0	1	1	1	0	1	1	1	1	0	0	1	2	1	0	0	0	0
GCA_002841095.1_ASM284109v1_genomic	1	0	0	1	0	0	1	1	1	0	1	0	1	1	0	0	1	1	2	0	0	1	1	1	0	1	1	2	1	1	1	1	1	0	1	1	0	1	0	1	1	0	1	0	0	0	1	1	1	0	0	1	0	1	1	1	1	0	0	1	0	1	0	0	1	1	0	0	1	0	1	1	1	1	1	1
GCA_002842715.1_ASM284271v1_genomic	1	0	0	0	0	1	0	1	0	1	0	1	0	0	1	0	0	1	0	1	1	1	0	1	0	1	1	0	1	1	1	1	0	0	1	1	1	0	0	1	1	0	1	0	0	1	0	1	1	1	0	1	0	1	1	0	1	0	0	1	0	1	0	1	1	0	1	0	0	1	1	0	1	0	0	0
GCA_003086415.2_ASM308641v2_genomic	0	0	1	0	0	0	0	2	1	0	0	0	1	0	1	0	0	0	0	0	1	0	1	0	1	1	1	1	1	1	1	0	0	0	1	0	0	1	1	1	1	1	0	1	1	1	1	0	1	1	0	0	1	1	1	1	0	1	0	1	1	1	1	1	1	0	1	1	0	1	1	1	0	0	0	0
GCA_003229945.1_ASM322994v1_genomic	0	0	0	0	0	0	0	0	1	0	0	0	1	0	0	0	0	0	0	1	0	0	0	1	0	2	0	1	1	1	0	0	0	0	0	0	0	1	0	1	0	0	1	0	0	1	1	1	0	0	0	1	0	1	0	1	1	0	0	0	0	1	0	0	1	0	0	0	0	0	2	1	0	0	0	0
GCA_003344645.1_ASM334464v1_genomic	0	0	1	0	0	0	0	2	1	1	1	0	1	0	1	0	0	0	0	0	1	0	1	1	1	1	1	1	1	1	1	0	1	1	1	1	1	1	1	1	1	1	1	1	1	1	1	1	1	1	0	1	1	1	1	1	1	1	0	1	1	1	1	1	1	1	1	1	0	1	1	1	1	0	0	0
GCA_003554465.1_ASM355446v1_genomic	1	0	1	0	0	0	0	1	0	0	0	0	1	0	0	0	0	1	0	1	0	0	1	0	1	1	1	0	1	1	1	0	2	1	1	1	0	1	1	1	1	1	1	0	1	1	1	1	0	1	0	1	1	0	1	0	1	1	0	0	1	0	0	0	1	1	1	0	0	1	2	0	0	0	0	0
GCA_003564875.1_ASM356487v1_genomic	0	0	1	0	0	0	0	0	0	0	0	0	0	0	0	0	0	0	0	1	0	0	0	1	1	1	1	0	1	1	1	2	1	1	1	2	0	1	0	0	1	1	0	0	1	1	1	1	0	1	0	1	0	0	1	1	1	0	0	0	0	0	0	1	1	0	1	0	0	0	1	1	0	0	0	0
GCA_003568775.1_ASM356877v1_genomic	0	0	1	0	0	0	0	2	1	1	1	0	1	1	1	0	0	0	0	1	1	0	1	1	1	1	1	1	1	1	1	0	0	1	1	1	1	1	1	1	1	1	1	1	1	1	1	1	1	1	0	1	1	1	1	1	1	1	0	1	1	1	1	1	1	1	1	1	0	1	1	1	1	0	0	0
GCA_003660825.1_ASM366082v1_genomic	1	1	2	1	0	1	0	1	1	0	1	0	1	1	1	0	0	1	0	1	0	0	1	1	1	1	1	1	1	1	1	1	1	1	1	0	0	1	0	1	1	1	1	1	1	1	1	1	0	1	0	1	1	1	1	1	0	1	0	1	1	0	1	2	2	1	1	1	0	1	2	1	0	0	0	0
GCA_003660845.1_ASM366084v1_genomic	1	0	1	0	0	0	0	1	1	0	0	0	0	0	1	0	1	0	0	3	1	0	1	1	1	0	1	1	1	1	1	0	1	0	0	1	0	1	0	0	0	0	0	1	1	1	1	0	1	1	2	1	1	0	0	1	1	1	0	2	2	0	1	2	1	1	1	0	0	1	0	3	0	0	0	0
GCA_003660885.1_ASM366088v1_genomic	0	0	0	0	0	0	0	0	1	1	0	0	1	0	1	0	0	1	0	0	0	0	1	1	1	1	1	1	0	1	1	0	1	0	1	0	1	1	1	1	1	1	1	1	0	0	1	1	1	0	1	1	0	0	0	0	1	0	0	0	1	0	1	0	1	1	0	0	1	1	0	0	0	0	0	0
GCA_003660925.1_ASM366092v1_genomic	0	0	1	0	0	0	0	1	1	0	1	0	1	0	1	0	0	1	0	1	1	0	1	1	1	1	1	1	1	1	1	1	1	1	1	1	0	1	1	1	1	1	1	0	1	1	1	0	1	0	1	1	1	1	1	1	1	1	0	1	1	1	1	1	1	1	0	0	1	1	1	1	1	0	0	0
GCA_003660945.1_ASM366094v1_genomic	0	0	1	0	0	0	1	2	1	0	1	0	1	0	1	0	0	0	0	1	1	0	1	1	1	1	1	1	1	1	1	2	2	1	0	1	0	1	1	0	0	1	1	1	2	1	1	1	1	0	1	0	1	1	0	1	1	0	0	1	0	1	0	1	1	1	0	0	1	1	1	0	1	0	0	0
GCA_003663045.1_ASM366304v1_genomic	0	1	1	0	1	1	1	2	1	1	1	1	1	1	2	1	1	1	0	1	1	1	1	1	1	1	1	1	1	1	0	1	1	1	1	0	1	1	1	1	1	1	1	1	1	1	1	1	1	1	1	1	1	1	1	1	1	1	1	2	0	1	1	1	1	1	1	0	1	1	1	1	1	1	1	1
GCA_003663075.1_ASM366307v1_genomic	1	1	0	0	0	1	0	2	0	1	1	1	1	0	0	0	0	1	0	0	0	1	1	0	1	1	1	1	1	1	1	0	1	0	1	1	1	1	0	1	1	1	1	1	0	1	1	1	0	1	0	1	1	1	1	1	0	1	0	1	0	0	1	0	0	1	1	0	1	1	0	1	1	0	0	0
GCA_003663105.1_ASM366310v1_genomic	1	1	1	1	1	1	0	0	1	1	1	1	2	0	1	1	1	2	1	0	0	1	2	1	0	2	0	1	1	1	0	2	2	0	0	0	1	1	2	0	0	0	0	1	0	1	1	1	1	1	2	1	1	0	1	0	1	0	0	0	0	1	2	1	2	0	1	0	0	1	1	1	2	0	1	0
GCA_003663115.1_ASM366311v1_genomic	1	1	1	1	1	1	1	1	1	1	1	1	1	1	2	1	1	1	1	1	1	1	1	1	1	1	0	1	1	1	1	1	1	1	1	1	1	1	1	1	1	1	1	1	1	1	1	1	1	1	1	1	1	1	1	1	1	1	1	2	0	1	1	1	1	1	1	1	1	1	1	1	1	1	1	1
GCA_003663165.1_ASM366316v1_genomic	1	1	0	1	0	0	0	1	0	1	0	1	1	1	0	1	1	1	1	1	1	1	1	1	1	1	0	0	1	1	1	1	1	1	1	0	0	1	0	0	1	1	1	1	1	1	1	1	0	1	0	1	1	1	1	1	1	1	0	0	0	1	1	0	1	1	1	1	1	0	0	1	1	0	0	1
GCA_003663175.1_ASM366317v1_genomic	1	1	1	1	1	1	1	2	1	0	1	1	1	0	1	1	1	1	1	1	1	1	1	1	1	1	1	1	1	1	1	1	1	0	1	1	1	1	1	1	0	1	0	1	1	1	1	0	1	1	1	1	1	1	0	1	1	0	1	1	0	1	1	1	1	1	1	0	0	1	1	1	1	1	1	1
GCA_003693875.1_ASM369387v1_genomic	0	0	0	0	0	0	0	1	1	0	0	0	1	0	0	0	0	1	0	0	0	0	0	1	1	0	1	1	1	1	1	0	1	0	1	1	0	1	1	1	1	1	1	0	1	1	1	0	0	1	1	1	1	1	1	0	1	1	0	0	0	1	0	1	0	1	1	0	0	1	0	1	0	0	0	0
GCA_003694055.1_ASM369405v1_genomic	1	0	1	0	0	0	0	0	0	0	0	0	1	0	0	0	0	1	0	1	0	0	1	1	1	1	1	0	1	1	1	0	1	1	1	1	0	1	1	1	1	1	1	0	1	1	1	1	1	1	2	1	1	1	1	1	1	1	0	0	0	1	1	1	0	1	1	1	0	0	1	1	1	0	0	0
GCA_004299525.1_ASM429952v1_genomic	1	1	1	1	1	0	0	0	1	0	1	0	1	0	1	0	0	1	0	1	0	0	1	0	1	1	1	1	1	1	1	1	1	0	1	0	0	1	1	1	1	1	1	1	0	1	1	0	0	1	1	1	1	1	1	1	1	0	0	0	1	1	0	1	1	1	1	0	0	1	0	1	1	1	1	1
GCA_009694725.1_ASM969472v1_genomic	0	0	1	0	0	0	0	0	0	0	0	0	1	0	0	0	0	1	0	1	0	0	1	1	1	1	1	1	0	1	1	0	1	1	1	1	0	1	0	1	1	1	1	0	1	1	1	1	1	1	1	1	1	1	1	1	1	1	0	1	0	1	0	1	1	1	1	0	0	1	1	1	0	0	0	0
GCA_009694755.1_ASM969475v1_genomic	1	0	1	0	0	0	0	0	0	0	0	0	1	0	0	0	0	1	0	1	0	0	1	1	1	0	1	1	1	1	1	0	1	1	1	1	0	1	0	1	1	1	1	0	1	1	1	1	1	1	1	1	0	1	1	0	1	1	0	1	0	1	1	1	1	1	1	0	0	1	1	1	1	0	0	0
GCA_009903895.1_ASM990389v1_genomic	0	0	1	0	0	0	0	2	2	1	1	0	1	1	1	0	0	0	0	1	1	0	1	1	1	1	1	1	1	1	1	0	1	1	2	0	0	1	1	1	2	0	1	0	1	0	1	0	1	0	0	1	1	1	1	1	1	1	0	1	1	0	1	0	1	1	2	0	0	2	1	1	1	0	0	0
GCA_009992265.1_ASM999226v1_genomic	0	0	0	0	0	0	0	0	0	0	0	0	0	0	0	1	0	1	0	0	0	0	1	1	1	0	1	0	1	1	0	1	1	0	0	0	0	1	0	0	1	1	1	1	1	0	1	0	1	0	0	0	0	1	1	0	1	1	0	0	0	0	0	0	0	1	0	1	0	1	1	1	0	0	0	0
GCA_009992305.1_ASM999230v1_genomic	0	0	1	0	0	0	0	0	1	0	0	0	1	0	0	0	0	1	0	1	0	0	1	1	1	1	1	1	1	1	1	0	1	1	1	1	0	1	0	1	1	1	1	0	1	1	1	1	1	1	1	1	1	1	1	1	1	1	0	1	0	1	0	1	1	1	1	0	0	0	1	1	0	0	0	0
GCA_009992315.1_ASM999231v1_genomic	1	1	0	0	0	0	0	0	0	0	0	1	0	0	0	1	1	1	0	0	0	0	0	1	1	0	1	0	2	2	0	0	1	0	0	0	0	2	0	0	1	1	1	1	1	0	2	0	1	0	0	0	0	1	1	0	1	1	0	0	0	0	0	0	0	1	0	1	0	1	1	1	0	0	0	0
GCA_011040285.1_ASM1104028v1_genomic	1	1	1	1	1	1	1	2	0	1	1	1	0	1	2	1	1	1	1	1	1	0	1	1	1	1	0	1	1	1	1	0	0	1	0	1	1	1	1	0	1	1	1	1	1	1	1	1	1	1	1	1	1	1	1	0	1	1	1	2	0	1	0	1	1	1	1	1	1	1	1	1	1	1	1	1
GCA_011040675.1_ASM1104067v1_genomic	0	0	1	0	0	0	0	1	1	0	1	0	0	0	0	0	0	1	0	1	0	0	1	1	1	1	0	0	1	1	1	1	1	0	1	0	0	1	1	1	1	1	1	1	1	0	1	1	0	0	0	0	1	1	1	1	1	1	0	0	1	1	0	1	1	0	0	0	0	1	1	1	0	0	0	0
GCA_011040965.1_ASM1104096v1_genomic	0	0	0	0	0	0	0	0	0	0	0	0	1	0	0	0	0	1	0	0	0	0	1	0	1	0	0	1	0	0	0	0	0	0	0	0	0	0	0	0	0	1	1	0	1	0	0	0	0	0	1	0	1	0	0	1	0	0	0	0	0	0	0	1	1	1	1	0	0	0	1	1	1	0	0	0
GCA_011041355.1_ASM1104135v1_genomic	0	0	1	0	0	0	0	2	1	0	0	0	1	0	0	0	0	0	0	1	0	0	1	1	1	0	1	0	1	1	1	1	0	0	1	0	0	1	0	1	1	1	1	0	1	1	0	0	1	0	0	0	1	1	1	1	1	1	0	1	0	0	0	0	1	1	0	0	0	0	1	1	0	0	0	0
GCA_011041525.1_ASM1104152v1_genomic	1	1	0	1	1	1	1	1	1	0	1	1	1	0	1	1	0	1	0	1	1	1	1	1	1	1	1	0	1	1	1	1	1	1	1	0	1	1	1	1	1	0	0	1	1	1	1	0	1	1	1	1	1	1	1	1	1	1	1	0	0	1	1	1	1	1	1	1	1	1	1	1	1	1	1	1
GCA_011042275.1_ASM1104227v1_genomic	0	1	1	0	1	0	1	1	1	1	1	1	0	0	1	1	0	1	0	0	1	1	1	1	2	1	0	1	0	1	0	1	1	1	1	0	1	1	1	1	2	1	1	1	1	1	1	1	1	1	1	1	1	1	2	0	1	1	0	1	0	1	0	1	1	1	1	1	1	0	0	1	1	1	1	0
GCA_011049525.1_ASM1104952v1_genomic	0	0	1	0	0	0	0	0	0	0	1	0	1	0	0	0	0	1	0	1	0	0	1	1	1	1	0	1	1	1	1	1	1	1	1	1	0	1	0	1	1	1	1	0	1	0	1	1	0	1	0	0	2	0	1	0	1	1	0	2	1	1	0	1	1	1	1	0	0	1	1	0	0	0	0	0
GCA_011049915.1_ASM1104991v1_genomic	0	0	0	0	0	0	0	0	0	0	1	0	0	0	0	0	0	0	0	0	0	0	1	1	1	1	0	0	1	1	1	1	1	0	0	1	0	1	0	0	0	0	0	0	1	1	1	0	1	1	0	1	0	1	0	1	1	0	0	1	1	1	0	1	1	0	1	0	0	0	1	0	0	0	0	0
GCA_011050875.1_ASM1105087v1_genomic	0	0	1	0	0	0	0	2	1	0	1	0	1	0	0	0	0	0	0	1	0	0	1	1	1	1	1	1	1	1	1	1	1	1	1	1	0	1	0	1	1	1	1	0	1	1	1	1	1	0	0	1	1	1	1	1	1	1	0	1	1	0	1	1	1	1	1	1	0	1	1	1	0	0	0	0
GCA_011380095.1_ASM1138009v1_genomic	1	1	1	1	1	1	1	2	1	1	1	1	1	1	1	1	1	1	1	1	0	0	1	1	1	1	1	1	1	1	1	1	1	0	1	1	1	1	1	1	1	1	1	1	1	1	1	1	1	1	1	1	1	1	1	1	1	1	1	0	0	1	1	1	1	0	1	1	1	1	1	1	1	1	1	1
GCA_012960605.1_ASM1296060v1_genomic	0	0	1	0	0	0	0	0	0	0	0	0	1	0	0	0	0	1	0	1	0	0	1	1	1	1	1	1	1	1	1	0	1	1	1	0	0	1	0	1	1	1	1	0	1	0	1	1	1	1	1	1	1	1	1	1	1	1	0	1	1	1	0	1	1	1	1	0	0	1	1	1	0	0	0	0
GCA_012961245.1_ASM1296124v1_genomic	1	1	1	1	1	1	1	1	1	1	1	1	0	1	0	0	1	1	1	0	0	0	1	0	1	1	1	0	0	1	1	1	1	1	1	0	0	1	1	1	2	1	1	0	0	1	1	1	0	1	1	1	1	1	1	1	0	0	0	2	0	0	0	0	1	1	1	1	0	1	0	0	0	1	1	1
GCA_013215525.1_ASM1321552v1_genomic	1	0	0	1	1	0	0	2	0	0	1	0	1	1	1	2	0	1	0	0	1	0	1	1	1	1	1	1	1	1	1	1	1	1	1	1	0	1	0	1	1	1	1	1	1	1	1	1	1	1	1	1	1	1	1	1	1	1	0	1	0	1	0	1	1	1	1	1	0	1	1	1	1	1	0	1
GCA_013329035.1_ASM1332903v1_genomic	1	0	1	0	0	0	0	2	0	1	1	0	1	0	1	0	0	1	0	1	1	0	1	1	1	1	1	1	1	1	1	1	1	1	1	1	0	1	1	1	1	1	1	1	1	1	1	1	1	1	1	1	1	1	1	1	1	1	0	1	1	1	1	1	1	1	1	0	0	1	1	1	2	0	0	0
GCA_013329215.1_ASM1332921v1_genomic	1	2	1	0	0	0	0	2	1	1	1	0	1	0	0	1	0	1	0	1	1	0	1	1	1	1	1	1	1	1	1	1	1	1	1	1	0	1	1	1	1	1	1	1	1	1	1	1	1	1	1	1	1	1	1	1	1	1	0	1	1	1	1	1	0	1	1	0	0	1	1	1	2	0	0	0
GCA_013330745.1_ASM1333074v1_genomic	0	0	0	0	0	0	0	2	1	0	1	0	1	0	0	0	0	1	0	1	0	0	1	1	1	1	1	1	1	1	1	1	1	1	1	1	0	1	0	1	1	1	1	0	1	1	1	1	1	1	0	1	1	1	1	1	1	1	0	1	1	1	0	1	1	1	1	1	0	1	1	1	0	0	0	0
GCA_013331705.1_ASM1333170v1_genomic	0	0	1	0	0	0	0	1	0	1	1	0	1	0	0	0	0	1	0	1	0	0	1	1	1	1	0	1	1	1	1	1	0	1	1	1	0	0	0	1	1	1	1	1	1	1	1	1	1	1	1	1	1	1	1	1	1	1	0	1	1	1	1	1	1	1	1	0	0	2	1	1	0	0	0	0
GCA_013331775.1_ASM1333177v1_genomic	1	0	2	0	0	1	0	2	1	1	1	0	1	0	0	1	0	1	0	1	1	0	2	1	1	1	1	1	1	1	1	1	1	1	1	1	1	1	1	1	1	1	1	1	1	1	1	1	1	1	1	1	1	1	1	1	1	1	0	1	1	1	0	1	1	0	1	0	1	1	1	2	1	0	0	0
GCA_013331935.1_ASM1333193v1_genomic	0	1	1	0	0	1	0	1	0	1	1	0	1	1	0	1	0	1	0	1	1	0	1	1	1	1	1	1	1	1	1	1	1	1	1	1	0	1	1	1	1	1	1	1	1	1	1	1	1	1	1	1	1	1	1	1	1	1	0	1	1	1	1	1	1	1	1	0	0	1	1	1	1	0	0	0
GCA_013335235.1_ASM1333523v1_genomic	0	2	0	1	1	0	0	1	1	0	1	0	1	0	1	0	1	1	0	1	1	0	1	1	1	1	0	1	1	1	1	1	1	0	1	1	0	1	1	1	1	1	1	0	0	1	1	0	1	1	1	1	1	1	1	1	1	1	0	0	1	1	0	1	1	1	1	0	0	0	1	1	1	1	1	1
GCA_013824915.1_ASM1382491v1_genomic	1	0	1	0	0	0	0	2	0	0	1	0	1	0	0	0	0	1	0	1	1	0	1	1	0	1	1	1	0	0	0	0	0	1	1	1	0	0	1	1	1	1	1	1	0	1	0	1	1	1	1	1	1	1	1	1	1	1	0	1	1	1	1	1	1	1	1	0	1	1	1	1	0	0	0	0
GCA_014189675.1_ASM1418967v1_genomic	0	1	1	1	1	1	0	1	1	1	1	1	1	0	1	1	1	1	0	1	1	1	1	1	1	1	1	1	1	1	1	1	1	1	0	1	1	1	1	1	0	1	1	1	1	1	1	0	1	1	0	1	1	1	1	1	1	1	1	1	1	1	1	1	1	1	1	1	1	1	0	1	1	1	1	1
GCA_014189685.1_ASM1418968v1_genomic	1	1	1	1	1	1	0	1	1	1	1	1	1	0	0	1	1	1	0	1	1	1	1	1	1	1	1	1	1	1	1	1	1	1	1	1	1	1	1	1	1	1	1	1	1	1	1	1	1	1	0	1	1	1	1	0	1	1	1	1	1	1	1	1	1	1	1	1	1	1	1	1	1	1	1	1
GCA_014189715.1_ASM1418971v1_genomic	0	1	1	1	1	0	0	1	1	1	1	1	1	0	1	1	1	1	0	1	1	1	1	1	1	1	1	1	1	1	1	1	1	1	1	1	1	1	1	1	1	1	1	1	1	1	1	0	1	1	0	1	1	1	1	1	1	1	1	1	1	1	1	1	1	1	1	1	1	1	1	1	1	1	1	1
GCA_014189725.1_ASM1418972v1_genomic	1	1	0	1	0	1	0	1	1	0	1	0	1	0	1	1	1	1	0	1	0	1	1	1	0	1	1	1	0	0	0	0	1	1	0	1	0	1	1	0	0	1	1	1	0	0	0	0	1	1	0	1	1	1	0	0	1	1	1	1	1	1	1	0	0	0	1	1	1	0	1	0	0	0	1	1
GCA_014189735.1_ASM1418973v1_genomic	0	1	1	1	0	0	0	1	1	0	0	1	1	0	1	1	0	1	0	1	0	1	1	0	1	0	1	1	0	1	1	0	1	1	0	0	1	1	1	0	0	0	0	1	1	1	0	0	0	0	0	1	1	0	0	0	0	0	1	0	1	0	1	1	1	0	0	0	0	1	1	1	0	0	0	0
GCA_014189775.1_ASM1418977v1_genomic	0	1	1	0	0	2	0	1	1	1	1	1	1	0	0	1	1	1	0	0	1	1	1	0	0	0	0	1	0	0	0	0	0	1	0	0	1	0	1	0	0	0	0	1	0	1	0	1	1	0	0	1	1	1	0	1	0	1	0	0	1	0	1	1	2	1	0	1	0	0	1	2	1	0	1	1
GCA_014239585.1_ASM1423958v1_genomic	0	0	0	0	0	0	0	1	1	0	1	0	1	1	1	0	0	1	0	1	1	0	1	1	1	1	1	1	1	1	1	1	1	1	1	1	0	1	1	1	1	1	1	1	1	1	1	1	1	1	1	1	1	1	1	1	1	1	0	1	1	1	0	1	1	1	1	0	0	1	1	1	1	0	0	0
GCA_014240435.1_ASM1424043v1_genomic	0	0	0	0	0	0	0	2	0	0	1	0	1	0	0	0	0	1	0	1	0	0	1	1	1	0	1	1	1	1	1	1	1	1	1	1	0	1	0	1	1	1	1	0	1	1	1	1	1	1	1	1	0	1	1	1	1	1	0	1	1	1	0	1	0	1	1	0	0	1	1	1	0	0	0	0
GCA_014240455.1_ASM1424045v1_genomic	0	0	0	0	0	0	0	1	1	0	1	0	1	1	1	0	0	1	0	1	1	0	1	1	1	1	1	1	1	1	1	1	1	1	1	1	0	1	1	1	1	1	1	1	1	1	1	1	1	1	1	1	1	1	1	1	1	1	0	1	1	1	1	1	1	1	0	0	0	1	0	1	1	0	0	0
GCA_014727915.1_ASM1472791v1_genomic	1	1	1	1	1	1	0	2	1	1	1	1	1	1	1	1	1	1	1	1	1	0	1	1	1	1	1	1	1	1	1	1	1	0	1	1	1	1	1	1	1	1	1	1	1	1	1	1	1	1	1	1	1	1	1	0	1	1	1	2	0	1	1	1	1	1	1	1	1	1	0	1	1	1	1	1
GCA_014728335.1_ASM1472833v1_genomic	0	0	0	0	0	0	0	2	0	0	1	0	0	0	0	0	0	1	0	0	0	1	0	1	1	1	0	1	1	1	1	1	1	1	0	1	0	1	0	1	0	0	0	0	1	1	1	1	0	1	1	1	1	0	0	1	1	1	0	1	1	1	0	0	0	1	1	2	0	0	1	1	0	0	0	0
GCA_014728745.1_ASM1472874v1_genomic	0	0	1	0	0	0	0	1	1	0	1	0	1	0	0	0	0	1	0	1	0	0	1	1	1	0	1	1	0	1	1	1	1	0	0	1	0	1	0	1	1	1	1	0	1	2	0	1	1	1	0	2	1	1	1	1	1	1	0	1	1	1	0	1	1	1	1	0	0	1	1	1	0	0	0	0
GCA_014729705.1_ASM1472970v1_genomic	1	1	1	1	0	1	1	2	2	1	1	1	1	1	1	1	1	2	1	1	2	0	1	1	0	0	1	1	1	1	0	0	1	0	1	1	1	1	1	1	1	1	1	1	0	1	1	1	1	1	1	1	1	1	1	0	1	1	1	4	0	1	1	1	1	1	1	1	0	0	0	1	1	0	0	1
GCA_015520065.1_ASM1552006v1_genomic	0	0	1	0	0	0	0	2	0	0	1	0	1	0	0	0	0	1	0	1	0	0	1	1	1	1	1	1	1	1	1	1	1	1	1	1	0	1	0	1	1	1	1	0	1	1	1	1	1	1	0	1	0	0	1	1	1	0	0	1	1	1	1	1	1	1	1	0	0	1	1	1	0	0	0	0
GCA_015661515.1_ASM1566151v1_genomic	0	0	1	1	1	1	0	1	1	1	1	1	1	1	1	1	1	1	0	1	0	0	1	1	1	1	1	1	1	1	1	1	1	1	1	1	0	1	1	1	1	1	1	1	1	1	1	1	1	0	1	1	1	1	1	1	1	1	0	1	0	1	1	1	1	1	1	1	1	1	1	1	0	1	1	1
GCA_015662495.1_ASM1566249v1_genomic	0	0	1	0	0	0	0	1	0	1	1	0	0	0	0	0	0	1	0	0	0	0	1	1	1	0	1	0	0	1	1	0	0	0	1	1	0	0	1	1	0	0	1	1	1	0	1	0	1	1	0	1	0	0	1	1	1	0	0	1	0	1	0	1	1	0	0	0	0	1	0	0	0	0	0	0
GCA_016176815.1_ASM1617681v1_genomic	0	0	1	0	0	0	0	2	0	0	0	0	1	0	0	0	0	0	0	0	0	0	1	1	1	1	1	1	1	1	1	1	1	1	1	1	0	1	0	1	1	1	1	0	1	1	1	1	0	0	0	1	0	1	1	0	1	1	0	1	0	1	0	0	1	1	0	0	0	1	1	2	0	0	0	0
GCA_016180545.1_ASM1618054v1_genomic	0	0	1	0	0	0	0	0	1	0	0	0	1	0	0	0	0	0	0	1	0	1	2	1	0	0	0	0	1	1	1	1	0	0	0	0	0	0	0	0	1	1	1	0	1	1	1	0	0	0	0	0	0	0	1	1	1	0	0	0	0	0	0	1	1	1	0	0	0	1	0	0	0	0	0	0
GCA_016181865.1_ASM1618186v1_genomic	1	0	1	0	0	0	0	0	0	0	1	0	0	0	0	0	0	1	0	1	0	0	1	0	1	0	0	0	1	1	1	1	1	0	1	1	0	1	0	1	1	0	0	0	1	1	1	0	1	1	0	1	1	1	1	0	0	1	0	0	1	0	0	1	2	0	1	0	0	1	1	1	0	0	0	0
GCA_016181885.1_ASM1618188v1_genomic	0	0	1	0	0	0	0	2	0	0	1	0	1	0	0	0	0	1	0	1	0	0	1	1	1	1	1	0	1	1	1	0	1	1	1	1	0	1	0	1	1	1	1	0	1	1	1	1	0	1	0	1	1	1	1	1	1	1	0	1	1	0	0	1	1	1	1	0	0	1	1	1	0	0	0	0
GCA_016181895.1_ASM1618189v1_genomic	0	0	0	0	0	0	0	1	0	0	1	0	1	0	0	0	0	1	0	1	0	0	1	1	1	0	1	1	1	1	1	0	1	1	0	1	0	1	0	1	1	1	1	0	1	1	1	1	1	1	0	0	1	1	1	1	1	1	0	1	1	1	0	1	1	1	1	0	0	1	1	1	0	0	0	0
GCA_016181905.1_ASM1618190v1_genomic	0	0	0	0	0	0	0	2	1	0	0	0	1	0	0	0	0	1	0	1	0	0	0	1	1	0	1	1	0	1	1	1	1	1	1	1	0	1	0	1	1	1	1	0	1	1	1	1	0	0	1	1	0	1	1	1	1	1	0	0	1	1	0	1	0	2	0	0	0	1	0	1	0	0	0	0
GCA_016186365.1_ASM1618636v1_genomic	0	0	1	0	0	0	0	2	0	0	1	0	1	0	0	0	0	2	0	0	0	1	1	1	1	1	1	1	1	1	1	1	1	1	1	1	0	1	1	1	1	1	1	0	1	1	1	1	0	1	0	1	1	1	1	1	1	1	0	1	1	0	1	1	1	1	1	0	0	1	1	1	0	0	0	0
GCA_016186375.1_ASM1618637v1_genomic	1	0	1	0	0	0	0	0	0	0	0	0	1	0	0	0	0	1	0	1	0	0	1	1	1	1	1	1	0	1	1	0	1	1	1	1	0	1	0	1	1	1	1	0	1	1	1	1	1	1	1	1	1	1	1	1	1	1	0	1	0	1	0	2	1	1	1	1	0	1	0	1	0	0	0	0
GCA_016186425.1_ASM1618642v1_genomic	0	0	0	0	0	0	0	1	0	0	1	0	1	0	0	0	0	1	0	1	0	0	1	1	1	1	1	1	1	1	1	1	1	1	1	1	0	1	0	1	1	1	1	0	1	1	1	1	0	0	0	1	1	1	1	1	1	1	0	1	1	1	0	0	1	1	0	0	0	1	1	0	0	0	0	0
GCA_016188825.1_ASM1618882v1_genomic	0	0	1	0	0	0	0	0	0	0	0	0	1	0	0	0	0	0	0	1	0	0	1	1	1	1	1	1	1	1	1	0	1	0	1	1	0	1	0	1	1	1	1	0	1	1	1	0	0	1	1	1	1	1	1	1	1	1	0	1	0	1	0	0	1	1	1	1	0	1	1	1	0	0	0	0
GCA_016188895.1_ASM1618889v1_genomic	0	0	0	0	0	0	0	2	0	1	1	0	1	0	0	0	0	1	0	1	0	0	1	1	1	1	1	1	0	1	1	0	1	1	1	1	0	1	0	1	1	1	1	1	1	1	1	1	0	0	1	1	1	1	1	1	1	1	0	1	1	1	0	1	1	1	0	1	0	1	1	1	0	0	0	0
GCA_016196285.1_ASM1619628v1_genomic	0	0	0	0	0	0	0	0	0	0	0	0	1	0	0	1	0	1	0	1	0	0	1	1	1	1	1	1	0	1	1	0	1	1	1	0	0	1	0	1	1	1	1	0	1	1	1	1	1	1	1	1	0	1	1	1	1	1	0	1	0	1	0	1	1	1	1	0	0	1	1	1	0	0	0	0
GCA_016201665.1_ASM1620166v1_genomic	1	0	0	0	0	0	0	2	1	1	1	0	1	0	0	0	0	1	0	2	0	0	1	1	1	1	1	1	1	1	1	1	1	1	1	1	1	1	0	1	1	2	1	0	1	2	1	0	1	1	0	1	0	1	1	1	1	1	1	1	1	1	0	2	2	1	1	1	0	0	1	1	0	0	0	0
GCA_016204145.1_ASM1620414v1_genomic	0	0	0	0	0	0	0	1	0	0	1	0	1	0	0	0	0	1	0	1	0	0	1	1	1	1	1	1	1	1	1	0	1	0	1	1	0	1	0	1	1	1	1	0	1	1	1	0	1	0	0	1	1	1	1	1	1	1	0	0	1	0	0	1	0	1	1	0	0	0	1	0	0	0	0	0
GCA_016211995.1_ASM1621199v1_genomic	1	0	1	0	0	0	0	2	1	1	0	0	1	0	0	1	0	2	0	0	0	0	1	1	1	1	1	1	1	1	1	1	0	1	1	1	0	1	1	1	1	1	1	1	1	1	1	1	1	0	1	1	1	1	1	1	1	1	0	1	1	1	0	1	1	1	0	0	0	1	0	0	0	0	0	0
GCA_016234025.1_ASM1623402v1_genomic	0	0	1	0	0	0	0	0	0	0	0	0	1	0	0	1	0	0	0	1	0	0	1	1	1	0	0	0	1	1	1	0	0	1	1	1	0	1	0	1	1	1	1	0	1	1	1	1	1	0	0	1	0	1	1	1	1	1	0	0	0	1	0	1	1	1	0	0	0	1	1	1	0	0	0	0
GCA_016234065.1_ASM1623406v1_genomic	0	0	0	0	0	0	0	1	0	0	1	0	1	0	0	0	0	0	0	0	0	0	0	1	1	0	1	1	1	1	1	1	1	1	1	0	0	1	0	1	1	1	1	0	1	1	1	1	0	0	0	1	0	1	1	1	1	1	0	1	1	1	0	0	1	1	0	0	0	1	1	1	0	0	0	0
GCA_016782615.1_ASM1678261v1_genomic	1	0	1	0	0	0	1	2	1	0	1	0	1	0	0	0	0	0	0	1	1	0	1	1	1	1	1	1	1	1	1	1	1	1	1	1	0	0	1	1	1	0	0	1	1	1	1	1	1	1	1	1	1	1	1	1	1	1	0	1	1	1	1	1	2	1	1	0	0	1	1	1	0	0	0	0
GCA_016783785.1_ASM1678378v1_genomic	1	1	0	0	0	1	1	1	0	0	1	0	1	1	1	0	0	1	0	1	0	1	0	1	0	1	1	1	0	0	0	0	0	1	0	1	0	0	1	0	0	1	1	0	0	1	0	1	0	0	1	1	1	0	0	0	1	1	0	1	1	0	1	1	0	0	0	1	0	1	1	1	1	0	0	0
GCA_016783795.1_ASM1678379v1_genomic	1	0	0	0	0	0	0	2	1	1	1	0	0	0	2	2	0	0	0	1	0	0	0	0	1	1	0	0	1	1	1	1	1	1	1	1	0	1	1	1	1	0	0	1	1	1	1	1	0	0	1	1	1	1	1	0	0	1	0	2	0	0	0	1	0	1	0	0	0	0	1	0	1	0	0	0
GCA_016784085.1_ASM1678408v1_genomic	0	0	0	0	0	0	0	1	0	0	1	0	1	0	0	0	0	0	0	2	0	0	1	1	1	0	1	1	1	1	1	1	1	1	1	1	0	1	0	1	1	1	1	0	1	1	1	1	0	1	0	1	0	0	1	1	1	0	0	0	0	1	0	0	0	1	1	0	0	1	1	1	0	0	0	0
GCA_016784245.1_ASM1678424v1_genomic	0	0	1	0	0	0	0	1	0	1	1	0	1	0	2	0	0	0	0	1	0	0	1	1	0	1	1	1	0	0	0	0	0	1	1	1	0	0	1	1	1	1	1	0	0	1	0	1	1	1	1	0	0	1	1	0	1	1	0	1	0	1	1	1	1	1	1	0	0	0	0	0	2	0	0	0
GCA_016866915.1_JGI_2017-08-21_genomic	0	0	1	0	0	0	0	1	0	0	1	0	1	0	0	0	0	0	0	1	0	0	1	1	1	1	1	1	1	1	1	1	1	1	1	1	0	1	0	1	1	1	1	0	1	1	1	1	0	1	0	1	1	1	1	1	1	1	0	1	1	0	0	0	1	1	1	0	0	1	1	1	0	0	0	0
GCA_016866935.1_JGI_2017-08-21_genomic	1	0	1	0	0	0	0	0	0	0	0	0	1	0	0	0	0	1	0	1	0	0	1	1	1	1	1	1	1	1	1	0	1	1	1	1	0	1	0	1	1	1	1	0	1	1	1	1	1	1	0	1	1	1	1	1	1	1	0	1	0	1	0	1	1	1	1	0	0	1	1	1	0	0	0	0
GCA_016866955.1_JGI_2017-08-21_genomic	0	0	1	0	0	0	0	0	0	0	0	0	1	0	0	0	0	1	0	1	0	0	1	1	1	1	1	1	0	1	1	0	1	1	1	1	0	1	0	1	1	1	1	0	1	1	1	1	1	1	1	1	1	1	1	1	1	1	0	1	0	1	0	1	1	1	1	0	0	1	1	1	0	0	0	0
GCA_016866975.1_JGI_2017-08-21_genomic	0	0	1	0	0	0	0	0	0	0	0	0	1	0	0	1	0	3	0	1	0	0	1	1	1	1	1	1	1	1	1	0	1	1	1	1	0	1	0	1	1	1	1	0	1	1	1	1	1	1	1	1	0	1	1	1	1	1	0	1	1	1	0	1	1	1	1	1	0	1	1	1	1	0	0	0
GCA_016866995.1_JGI_2017-08-21_genomic	1	0	1	0	0	0	0	2	0	0	0	0	1	0	0	0	0	2	0	1	0	0	1	1	1	1	1	1	1	1	1	1	1	1	1	1	0	1	0	1	1	1	1	0	1	1	1	1	1	1	0	1	1	1	1	1	1	1	0	1	1	0	0	1	1	1	1	1	0	1	1	1	0	0	0	0
GCA_016867035.1_JGI_2017-08-21_genomic	1	0	2	0	0	0	0	2	0	0	0	0	1	0	0	0	0	2	0	1	0	0	1	1	1	1	1	1	1	1	1	1	1	1	1	1	0	1	0	1	1	1	1	0	1	1	1	1	1	1	1	1	1	1	1	1	1	1	0	1	1	1	1	1	1	1	1	0	0	0	1	1	0	0	0	0
GCA_016867655.1_JGI_2017-08-21_genomic	1	1	1	1	0	1	1	2	1	1	1	0	1	1	2	1	1	1	0	1	1	0	1	1	0	0	0	1	1	1	1	1	1	0	1	0	0	1	1	1	1	1	1	0	0	1	1	1	1	0	1	1	1	1	1	1	1	1	1	2	0	1	1	1	0	1	0	1	1	1	1	1	1	1	1	1
GCA_016931175.1_ASM1693117v1_genomic	0	0	1	0	0	1	0	2	1	0	1	0	1	1	1	0	0	1	0	1	1	0	1	1	1	1	1	1	1	1	1	1	1	1	1	1	0	1	1	1	1	1	1	1	1	1	1	1	1	1	1	1	1	1	1	1	1	1	0	1	1	1	0	1	1	1	1	1	1	1	1	1	1	0	0	0
GCA_017608025.1_ASM1760802v1_genomic	0	0	1	0	0	0	0	2	0	1	1	0	1	1	1	0	0	1	0	1	1	0	1	1	1	1	1	1	1	1	1	1	1	2	2	1	1	1	0	1	2	1	1	1	1	1	1	2	1	1	1	1	1	1	2	1	1	1	0	1	1	1	1	1	1	1	1	0	0	1	1	1	1	0	0	0
GCA_017608035.1_ASM1760803v1_genomic	0	0	1	0	0	0	0	2	0	0	1	0	2	0	1	1	0	2	0	1	0	0	1	1	3	1	1	1	1	1	2	2	1	1	2	1	0	1	1	1	2	2	2	0	3	1	1	1	1	0	1	1	1	1	2	1	1	1	0	1	1	1	0	1	2	1	1	1	0	1	1	1	0	0	1	1
GCA_017608065.1_ASM1760806v1_genomic	0	0	1	0	0	0	0	3	1	0	1	0	1	0	0	0	0	0	0	0	0	0	1	1	2	1	2	1	1	1	1	2	1	1	1	1	0	1	0	1	1	1	1	0	2	1	1	1	1	0	1	1	1	1	1	1	1	1	0	1	1	2	0	1	1	0	1	0	0	2	1	1	0	0	0	0
GCA_017608235.1_ASM1760823v1_genomic	0	0	1	0	0	1	0	2	0	1	1	0	1	1	1	0	0	1	0	1	1	1	1	1	1	1	2	1	1	1	1	1	1	1	1	1	0	1	1	1	1	1	1	1	1	1	1	1	1	1	1	1	1	1	1	1	1	1	0	1	1	0	1	1	1	1	1	0	0	1	1	1	1	0	0	0
GCA_017608265.1_ASM1760826v1_genomic	1	0	1	0	0	0	0	2	0	0	1	0	2	0	1	0	0	1	0	2	0	1	2	1	2	2	1	2	2	3	2	1	3	1	2	1	0	3	1	2	2	1	2	1	2	2	2	1	2	1	0	1	2	1	2	1	1	1	0	1	1	1	1	1	1	2	1	0	1	1	3	1	0	0	0	0
GCA_017608305.1_ASM1760830v1_genomic	0	0	1	0	0	0	0	2	1	0	1	0	1	0	0	0	0	1	0	1	0	0	1	1	1	1	1	1	1	1	1	1	1	1	1	1	0	1	0	1	1	1	1	0	1	1	1	1	1	1	0	1	1	1	1	1	1	1	0	1	1	1	0	1	1	1	1	0	0	0	1	0	0	0	0	0
GCA_017608345.1_ASM1760834v1_genomic	0	0	1	0	0	1	0	2	1	0	1	0	1	1	1	0	0	1	0	1	1	0	1	1	1	1	1	0	1	1	1	1	1	1	1	1	1	1	1	1	1	1	1	1	1	1	1	1	1	1	1	1	1	1	1	1	1	1	0	2	1	0	1	1	1	1	1	0	0	1	1	1	1	0	0	0
GCA_017608355.1_ASM1760835v1_genomic	0	1	1	0	0	1	0	3	0	0	2	0	1	0	2	0	0	1	0	1	1	0	1	1	2	1	2	1	1	1	1	2	1	0	1	2	0	1	1	1	1	0	1	1	2	1	1	1	1	1	0	0	1	1	1	0	1	1	0	1	2	1	0	2	1	1	1	0	0	1	0	2	2	0	0	0
GCA_017608425.1_ASM1760842v1_genomic	0	0	0	0	0	0	0	2	0	0	1	0	1	0	0	0	0	2	0	0	0	0	1	1	1	1	1	1	1	1	1	0	2	0	1	1	0	1	0	1	1	1	1	0	1	1	1	0	1	1	1	1	1	2	1	1	1	2	0	1	0	1	0	1	0	1	1	0	0	1	1	2	0	0	0	0
GCA_017608705.1_ASM1760870v1_genomic	0	0	1	0	0	0	0	2	1	0	1	0	1	0	0	0	0	1	0	1	0	0	1	1	1	1	1	1	1	1	1	1	2	1	1	0	0	1	1	1	1	1	1	1	1	1	1	1	1	1	1	1	1	1	1	1	1	1	0	2	1	1	1	1	1	2	1	0	0	1	1	1	1	0	0	0
GCA_017608885.1_ASM1760888v1_genomic	0	0	0	0	0	0	0	2	1	0	1	0	1	0	0	0	0	1	0	0	0	0	1	1	1	1	0	1	1	1	1	1	1	1	1	1	0	1	0	1	1	1	0	0	1	1	1	1	1	1	0	1	1	1	1	1	1	1	0	1	1	1	0	1	1	1	1	0	0	1	1	1	0	0	0	0
GCA_017608945.1_ASM1760894v1_genomic	0	0	1	0	0	0	0	1	1	0	1	0	1	0	0	0	0	0	0	1	0	0	1	1	1	1	1	1	1	1	1	1	1	1	1	1	0	1	0	1	1	1	1	0	1	1	1	1	0	1	0	1	1	1	1	1	0	1	0	1	1	0	0	1	0	1	1	1	0	2	1	1	0	0	0	0
GCA_017608985.1_ASM1760898v1_genomic	0	0	0	0	0	0	0	1	1	0	1	0	1	0	0	0	0	0	0	1	0	0	1	1	1	1	1	1	1	1	1	1	1	1	1	1	0	1	0	0	1	1	1	0	1	1	1	1	1	0	0	1	1	1	1	1	1	1	0	1	1	1	0	1	1	1	1	0	0	1	1	1	0	0	0	0
GCA_017609055.1_ASM1760905v1_genomic	0	0	0	0	0	0	0	2	0	0	1	0	1	0	0	1	0	1	0	1	0	0	1	1	1	1	1	1	1	1	1	0	1	1	1	1	0	1	0	1	1	1	1	0	1	1	1	1	1	1	0	1	1	1	1	1	1	1	0	1	1	1	1	1	1	1	1	0	0	1	1	1	0	0	0	0
GCA_017609085.1_ASM1760908v1_genomic	0	0	1	0	0	0	0	2	1	0	1	0	1	0	0	0	0	1	0	1	0	0	1	1	1	1	1	1	0	1	1	0	1	1	1	1	0	1	1	1	1	1	1	0	1	1	1	1	1	1	1	1	1	1	1	1	1	1	0	1	1	1	0	1	1	1	1	1	0	1	1	1	0	0	0	0
GCA_017609175.1_ASM1760917v1_genomic	0	0	0	0	0	0	0	2	1	0	0	0	1	0	0	0	0	1	0	1	0	0	1	1	1	1	1	1	1	1	1	1	1	1	1	1	0	1	0	1	1	1	1	0	1	1	1	1	1	0	0	1	1	1	1	1	1	1	0	1	1	1	1	1	1	1	1	0	0	1	1	1	0	0	0	0
GCA_017609205.1_ASM1760920v1_genomic	0	0	1	0	0	0	0	2	1	0	1	0	1	0	0	0	0	1	0	1	0	0	1	1	1	1	1	1	1	1	1	1	1	1	1	1	0	1	0	1	1	1	1	0	1	1	1	1	1	1	0	0	1	1	1	1	1	1	0	1	1	1	0	1	1	1	1	0	0	1	1	1	0	0	0	0
GCA_017609285.1_ASM1760928v1_genomic	0	0	0	0	0	0	0	2	1	0	1	0	1	0	0	0	0	1	0	1	0	0	1	1	1	1	1	1	1	1	1	0	1	1	1	0	0	1	1	1	1	1	1	1	1	1	1	1	0	1	0	1	1	1	1	1	1	1	0	1	1	1	0	0	0	1	1	0	0	1	1	2	0	0	0	0
GCA_017609475.1_ASM1760947v1_genomic	0	0	0	0	0	0	0	2	1	0	1	0	1	0	0	0	0	1	0	0	0	0	1	1	1	1	1	1	1	1	1	1	1	1	1	1	0	1	0	1	1	1	1	0	1	1	1	1	1	1	0	1	1	1	1	1	1	1	0	1	1	1	0	1	1	1	1	0	0	0	1	1	0	0	0	0
GCA_017609505.1_ASM1760950v1_genomic	0	0	1	0	0	0	0	1	0	0	2	0	1	0	0	0	0	2	0	1	0	0	2	1	1	1	1	1	1	1	1	0	1	1	1	2	0	1	1	1	1	1	1	0	1	1	1	1	1	1	0	1	1	2	1	1	1	2	0	1	1	0	0	1	1	1	1	0	0	1	1	0	0	0	0	0
GCA_017609535.1_ASM1760953v1_genomic	0	0	1	0	0	0	0	2	0	0	1	0	1	0	0	0	0	1	0	0	0	0	1	1	1	1	1	1	1	1	1	0	1	1	1	1	0	1	0	1	1	1	1	0	1	1	1	1	1	1	1	1	1	1	1	1	1	1	0	1	0	1	1	1	1	1	1	0	0	1	1	1	0	0	0	0
GCA_017609685.1_ASM1760968v1_genomic	0	0	0	0	0	0	0	2	1	0	1	0	1	0	0	0	0	2	0	0	0	0	1	1	1	1	1	1	1	1	1	0	1	2	1	1	0	1	0	1	1	1	1	0	1	2	1	2	1	1	0	1	0	1	1	1	1	1	0	1	1	1	0	1	1	1	1	0	0	1	1	1	0	0	0	0
GCA_017609695.1_ASM1760969v1_genomic	0	0	0	0	0	0	0	0	1	0	1	0	1	0	0	0	0	2	0	1	0	0	1	1	1	1	1	1	1	1	1	1	1	1	1	1	1	1	0	1	1	1	1	0	1	1	1	1	1	1	0	1	1	1	1	1	1	1	0	2	0	1	0	1	0	1	1	0	0	1	1	1	0	0	0	0
GCA_017609725.1_ASM1760972v1_genomic	1	0	1	0	0	0	0	2	1	0	1	0	1	0	0	0	0	0	0	1	0	0	1	1	1	1	1	1	1	1	1	1	1	1	1	1	0	1	0	1	1	1	1	0	1	1	1	1	1	1	0	0	1	1	1	1	1	1	0	1	1	1	0	1	1	1	1	1	0	1	1	1	0	0	0	0
GCA_017609745.1_ASM1760974v1_genomic	0	0	1	0	0	0	0	3	1	0	0	0	1	0	0	0	0	0	0	1	0	0	1	1	1	1	1	1	1	1	1	1	1	1	0	1	0	1	0	0	0	1	1	0	1	1	1	1	1	1	0	1	1	1	0	1	1	1	0	1	1	1	1	1	1	1	1	0	0	1	1	1	0	0	0	0
GCA_017609755.1_ASM1760975v1_genomic	0	0	0	0	0	0	0	2	1	0	1	0	1	0	0	0	0	1	0	1	0	0	1	1	1	1	1	1	1	1	1	1	1	1	1	1	0	1	0	1	1	1	1	0	1	1	1	1	1	0	0	1	1	1	1	1	1	1	0	1	1	1	1	1	1	1	1	0	0	1	1	1	0	0	0	0
GCA_017609785.1_ASM1760978v1_genomic	0	0	1	0	0	0	0	1	0	0	2	0	0	0	0	0	0	0	0	1	0	1	1	0	1	1	1	0	0	0	1	1	1	1	2	1	0	1	0	2	2	0	0	0	1	1	1	0	1	0	0	0	1	2	2	1	0	1	0	1	1	0	0	1	1	1	0	0	0	1	1	1	0	0	0	0
GCA_017609795.1_ASM1760979v1_genomic	0	0	0	0	0	0	0	1	1	0	1	0	1	0	0	0	0	1	0	0	0	0	1	1	1	1	1	1	1	1	1	1	2	1	1	1	0	1	0	1	1	1	1	0	1	1	1	1	1	1	1	1	0	1	1	1	1	1	0	1	1	0	0	1	0	1	1	0	0	0	1	1	0	0	0	0
GCA_017609825.1_ASM1760982v1_genomic	0	0	1	0	0	0	0	2	1	0	1	0	1	0	0	0	0	3	0	1	0	1	1	1	1	1	1	1	1	1	1	1	1	0	1	1	0	1	2	1	1	1	1	0	1	1	1	0	0	1	1	1	1	1	1	1	1	1	0	1	0	1	0	0	1	1	1	1	0	0	1	2	0	0	0	0
GCA_017609885.1_ASM1760988v1_genomic	0	0	1	0	0	0	0	2	0	0	1	0	1	0	0	0	0	0	0	1	0	0	1	1	1	1	1	1	1	1	1	1	1	1	1	1	0	1	0	1	1	1	1	1	1	1	1	1	1	1	0	1	1	1	1	1	1	1	0	1	1	0	0	1	1	1	0	0	0	1	1	1	0	0	0	0
GCA_017609915.1_ASM1760991v1_genomic	0	0	0	0	0	0	0	1	1	0	1	0	1	0	0	0	0	1	0	0	0	0	0	1	1	1	1	1	1	1	1	1	1	0	1	0	0	1	0	1	1	1	1	0	1	0	1	0	1	1	1	1	0	1	1	1	1	1	0	1	0	1	0	1	0	1	1	0	0	1	0	0	0	0	0	0
GCA_017609965.1_ASM1760996v1_genomic	0	0	0	0	0	0	0	0	0	0	0	0	1	0	0	0	0	1	0	1	0	0	1	0	1	4	1	1	1	1	1	1	0	1	1	0	1	1	1	1	1	1	1	0	1	1	1	1	1	1	1	1	1	0	1	1	1	0	0	0	0	0	0	1	0	1	1	0	0	1	1	0	0	0	0	0
GCA_017609995.1_ASM1760999v1_genomic	0	0	1	0	0	0	0	2	0	0	0	0	1	0	0	0	0	0	0	0	1	0	1	1	1	1	1	1	1	1	1	1	0	1	0	1	0	1	0	1	0	1	1	1	1	1	1	1	0	1	0	0	1	1	1	1	1	1	0	0	1	1	1	0	1	2	1	0	0	1	0	1	1	0	0	0
GCA_017610125.1_ASM1761012v1_genomic	1	0	1	0	0	0	0	2	0	0	1	0	0	0	0	1	0	1	0	0	0	0	0	1	2	1	2	0	0	1	1	2	1	1	1	1	0	1	1	1	2	0	0	0	2	1	1	1	0	0	1	1	1	1	2	1	1	1	0	1	0	0	0	0	2	1	1	1	0	1	0	1	0	0	0	0
GCA_017610405.1_ASM1761040v1_genomic	0	0	0	0	0	0	0	1	0	0	1	0	1	0	0	0	0	0	0	1	0	0	1	0	1	1	0	1	1	1	1	1	1	1	1	1	0	1	0	1	1	1	1	0	1	1	1	1	1	1	0	1	1	1	1	1	0	1	0	1	1	1	1	1	0	1	1	0	0	1	0	1	0	0	0	0
GCA_017610465.1_ASM1761046v1_genomic	1	1	1	1	1	1	1	0	1	0	1	0	0	0	0	1	2	1	0	0	1	1	1	1	1	1	1	0	1	1	2	1	0	0	1	1	0	1	1	1	1	1	1	0	1	0	1	0	1	1	1	1	0	0	1	1	1	1	0	1	1	1	0	1	1	1	1	1	0	2	1	1	1	2	2	2
GCA_017991485.1_ASM1799148v1_genomic	0	0	0	0	0	0	0	1	1	0	1	0	1	0	0	0	0	1	0	1	0	0	1	1	1	1	1	1	1	1	1	1	1	1	1	1	0	1	0	1	1	1	1	0	1	1	1	1	1	1	0	1	1	1	1	1	1	1	0	1	1	1	0	1	1	1	1	1	0	1	0	1	0	0	0	0
GCA_017999545.1_ASM1799954v1_genomic	0	0	0	0	0	0	0	1	0	0	1	0	0	0	0	1	0	1	0	0	0	0	0	1	0	1	0	0	0	0	0	0	0	1	0	0	0	0	0	0	0	1	0	0	0	0	0	1	1	1	1	1	1	1	0	1	1	1	0	1	0	0	0	1	0	0	1	0	0	0	1	0	0	0	0	0
GCA_018220985.1_ASM1822098v1_genomic	0	0	1	0	0	0	0	2	1	0	1	0	1	0	1	1	0	1	0	1	1	0	1	1	1	1	1	1	1	1	1	1	1	1	1	1	1	1	1	1	1	0	0	1	1	1	1	1	1	1	1	1	1	1	1	1	1	1	0	1	1	1	1	1	1	1	1	1	1	1	0	2	1	0	0	0
GCA_018221045.1_ASM1822104v1_genomic	0	0	1	0	0	1	0	2	0	1	1	0	1	0	1	0	0	1	0	1	0	0	1	1	1	1	1	1	1	1	1	1	1	1	1	1	1	1	1	1	1	1	1	1	1	1	1	1	1	1	1	1	1	1	1	1	1	1	0	1	1	1	0	1	1	1	1	0	1	1	1	1	1	0	0	0
GCA_018221265.1_ASM1822126v1_genomic	0	1	1	0	0	0	0	3	1	0	0	0	1	0	0	0	0	0	0	1	0	0	0	1	1	0	0	1	1	1	1	1	1	1	0	0	1	1	0	0	0	1	1	0	1	1	1	1	1	0	1	1	0	1	1	1	1	1	0	1	0	1	0	1	1	1	0	2	0	1	1	0	0	0	0	0
GCA_018221285.1_ASM1822128v1_genomic	0	0	0	0	0	0	0	2	0	0	0	0	1	0	0	0	0	1	0	1	0	0	1	1	1	1	1	1	1	1	1	1	1	1	1	1	0	1	0	1	1	1	1	0	1	1	1	1	1	2	0	1	1	1	1	1	1	1	0	1	1	1	1	1	1	1	2	0	0	1	1	1	1	0	0	0
GCA_018221305.1_ASM1822130v1_genomic	0	0	0	0	0	1	0	2	0	0	1	0	1	0	0	1	0	1	0	1	0	1	1	1	1	1	1	1	1	1	1	1	1	1	0	1	0	1	0	1	1	1	1	0	1	1	1	1	0	1	1	1	0	1	1	1	1	1	0	1	0	1	0	1	1	2	1	1	0	1	1	1	0	0	0	0
GCA_018260615.1_ASM1826061v1_genomic	1	1	1	1	1	0	1	2	1	1	1	1	1	1	2	1	1	1	1	1	1	1	1	1	1	1	1	1	1	1	1	1	1	1	1	1	0	1	1	1	1	1	1	1	1	1	1	1	1	1	1	1	1	1	1	1	1	1	1	1	0	1	1	1	1	1	1	1	1	1	1	1	1	1	1	1
GCA_018260655.1_ASM1826065v1_genomic	1	1	1	1	1	0	1	2	1	1	1	1	1	1	2	1	1	1	1	1	1	1	1	1	1	1	1	1	1	1	1	1	1	1	1	1	1	1	1	1	1	1	1	1	1	1	1	1	1	1	1	1	1	1	1	1	1	1	1	1	0	1	1	1	1	1	1	1	1	1	1	1	1	1	1	1
GCA_018260675.1_ASM1826067v1_genomic	1	1	1	1	1	0	1	2	1	1	2	1	1	1	1	1	1	1	1	1	1	1	1	1	1	1	1	1	1	1	1	1	1	1	1	1	0	1	1	1	1	1	1	1	1	1	1	1	1	1	1	1	0	1	1	0	1	1	1	1	0	0	1	0	1	0	1	1	1	1	1	1	1	1	1	1
GCA_018260715.1_ASM1826071v1_genomic	1	1	1	1	0	0	1	2	1	1	1	1	1	1	1	1	1	1	1	1	1	1	1	1	1	1	1	1	1	1	1	1	1	1	1	1	0	1	1	1	1	1	1	1	0	1	1	1	1	1	1	1	1	1	1	1	1	1	1	1	0	1	1	1	1	1	1	1	0	1	1	1	1	1	1	1
GCA_018260835.1_ASM1826083v1_genomic	1	1	1	0	1	0	1	0	1	1	0	1	1	1	1	1	1	1	1	0	1	1	1	1	1	1	1	1	1	1	1	1	1	1	1	1	0	1	0	1	1	1	1	1	1	1	1	1	1	1	0	1	1	1	1	0	1	1	1	1	0	1	1	1	1	1	1	1	1	1	1	0	0	1	1	1
GCA_018303745.1_ASM1830374v1_genomic	0	0	1	0	0	0	0	0	0	0	0	0	1	0	0	0	0	1	0	1	0	0	1	1	1	1	1	1	1	1	1	0	1	1	1	1	0	1	0	1	1	1	1	0	1	1	1	0	2	1	1	1	0	1	1	0	1	1	0	0	0	1	0	1	1	1	0	1	0	1	1	1	0	0	0	0
GCA_018303755.1_ASM1830375v1_genomic	0	0	1	0	0	0	0	2	0	0	1	0	1	0	0	0	0	1	0	1	0	0	1	1	1	1	1	1	1	1	1	1	1	1	1	1	0	1	0	1	1	1	1	0	1	1	1	1	1	1	0	1	1	1	1	1	1	1	0	1	1	0	0	1	1	1	0	0	0	1	0	1	0	0	0	0
GCA_018303785.1_ASM1830378v1_genomic	0	0	1	0	0	0	0	0	0	0	1	0	1	0	0	0	0	1	0	1	0	0	0	1	1	1	1	1	1	1	1	1	1	1	1	1	0	1	0	1	1	1	1	0	1	1	1	1	1	1	1	1	1	0	1	1	1	0	0	1	0	1	0	1	0	1	1	1	0	0	1	1	0	0	0	0
GCA_018303805.1_ASM1830380v1_genomic	0	0	0	0	0	0	0	1	1	1	0	0	1	0	0	0	0	1	0	1	0	0	1	1	1	1	0	1	1	1	1	1	1	1	1	1	0	1	1	1	1	1	1	0	1	1	1	1	1	0	1	1	1	0	1	1	1	0	0	1	1	1	0	1	0	1	0	0	0	0	1	0	0	0	0	0
GCA_018303825.1_ASM1830382v1_genomic	1	0	1	0	0	0	0	0	0	0	0	0	1	0	0	1	0	1	0	1	0	0	1	1	1	1	1	1	0	1	1	1	1	1	1	1	0	1	1	1	1	1	1	0	1	1	1	1	1	1	1	1	1	1	1	1	1	1	0	1	0	1	0	1	1	1	1	1	0	1	1	1	0	0	0	0
GCA_018303845.1_ASM1830384v1_genomic	0	0	1	0	0	0	0	1	0	0	1	0	1	0	0	0	0	1	0	0	0	0	1	1	1	1	1	1	1	1	1	0	1	1	1	1	0	1	1	1	1	1	1	0	1	1	1	1	1	1	0	1	1	1	1	1	1	1	0	1	0	0	0	1	1	1	1	1	0	1	1	1	1	0	0	0
GCA_018303855.1_ASM1830385v1_genomic	0	0	1	0	0	0	0	2	0	0	1	0	1	0	0	0	0	1	0	1	0	0	1	1	1	1	1	1	1	1	1	1	1	1	1	1	0	1	0	1	1	1	1	0	1	1	1	1	1	1	0	1	1	1	1	1	1	1	0	1	1	0	0	1	1	1	1	0	0	1	1	1	0	0	0	0
GCA_018303885.1_ASM1830388v1_genomic	1	0	1	0	0	0	0	1	0	0	1	0	1	0	0	0	0	0	0	1	0	0	1	1	1	1	1	1	1	1	1	1	1	1	1	1	0	1	0	1	1	1	1	0	1	1	1	1	1	1	0	1	1	1	1	1	1	1	0	1	1	0	0	1	1	1	1	0	0	1	1	1	0	0	0	0
GCA_018303895.1_ASM1830389v1_genomic	0	0	1	0	0	0	0	0	0	0	1	0	1	0	0	1	0	1	0	1	0	0	1	1	1	1	1	1	1	1	1	1	1	1	1	1	0	1	0	1	1	1	1	0	1	1	1	1	1	1	0	1	1	1	1	1	1	1	0	1	2	1	0	1	0	1	1	0	0	1	1	0	0	0	0	0
GCA_018303925.1_ASM1830392v1_genomic	0	0	1	0	0	0	0	2	0	0	1	0	1	0	1	1	0	1	0	1	0	0	1	1	1	1	1	1	1	1	1	1	1	1	1	1	0	1	0	1	1	1	1	0	1	1	1	1	1	1	0	1	1	1	1	1	1	1	0	1	0	1	0	1	1	1	1	1	0	1	1	1	0	0	0	0
GCA_018303945.1_ASM1830394v1_genomic	0	0	1	0	0	0	0	0	0	0	0	0	1	0	0	0	0	1	0	1	0	0	1	1	1	1	1	0	0	1	1	1	1	1	1	1	0	1	1	1	1	1	1	0	1	1	1	1	1	1	1	1	1	1	1	1	1	1	0	1	0	1	1	1	1	1	1	0	0	1	1	1	0	0	0	0
GCA_018303985.1_ASM1830398v1_genomic	1	0	1	0	0	0	0	0	0	0	1	0	1	0	0	0	0	0	0	1	0	0	1	1	1	1	1	1	0	1	1	0	1	1	1	1	0	1	0	1	1	1	1	0	1	1	1	1	1	1	0	1	1	1	1	1	1	1	0	0	0	1	0	1	1	1	1	0	0	2	1	1	0	0	0	0
GCA_018303995.1_ASM1830399v1_genomic	1	0	1	0	0	0	0	0	0	0	0	0	1	0	0	0	0	0	0	1	0	0	1	1	1	1	1	1	1	1	0	0	1	1	1	1	0	1	0	1	1	1	1	0	1	1	1	1	1	1	0	1	1	1	1	1	1	1	0	1	0	1	1	1	1	1	0	0	0	1	1	1	1	0	0	0
GCA_018304025.1_ASM1830402v1_genomic	0	0	1	0	0	0	0	0	0	0	0	0	1	0	0	0	0	1	0	1	0	0	1	1	1	1	1	1	1	1	1	0	1	1	1	1	0	1	1	1	1	1	1	0	1	1	1	1	1	1	1	1	1	1	1	1	1	1	0	1	1	1	0	1	1	1	1	1	0	1	1	1	0	0	0	0
GCA_018304045.1_ASM1830404v1_genomic	0	0	1	0	0	0	0	1	1	0	1	0	1	0	0	0	0	1	0	1	0	0	1	1	1	1	1	1	0	1	1	1	1	1	1	1	1	1	0	1	1	1	1	0	1	1	1	1	1	1	0	1	1	1	1	1	1	1	0	1	1	1	0	1	1	1	1	0	0	1	1	0	0	0	0	0
GCA_018304055.1_ASM1830405v1_genomic	1	1	1	0	0	0	0	2	0	0	1	0	1	0	0	2	0	0	0	1	0	0	0	1	1	1	1	1	1	1	1	1	1	1	1	1	0	1	0	1	1	1	1	0	1	1	1	1	1	0	1	1	0	1	1	0	1	1	0	1	0	0	0	1	1	1	1	1	0	1	2	0	0	0	0	0
GCA_018304085.1_ASM1830408v1_genomic	0	0	1	0	0	0	0	1	0	0	0	0	1	0	0	1	0	1	0	0	0	0	1	1	1	1	1	1	1	1	1	1	1	0	1	1	0	1	0	1	1	1	1	0	1	1	1	0	1	0	0	1	1	1	1	1	1	1	0	1	1	1	0	1	1	1	1	0	0	1	0	1	0	0	0	0
GCA_018304105.1_ASM1830410v1_genomic	0	0	1	0	0	0	0	0	0	0	0	0	1	0	0	0	0	1	0	1	0	0	1	1	1	1	1	1	1	1	1	1	1	1	1	1	0	1	1	1	1	1	1	0	1	1	1	1	1	1	1	1	1	1	1	1	1	1	0	1	1	1	0	1	1	1	1	1	0	1	1	1	0	0	0	0
GCA_018304115.1_ASM1830411v1_genomic	0	0	1	0	0	0	0	1	0	0	0	0	1	0	0	0	0	0	0	0	0	0	1	1	1	0	1	1	1	1	1	1	1	1	1	1	0	1	0	1	1	1	1	0	1	0	1	1	1	1	0	0	0	1	1	1	1	2	0	1	0	1	0	0	1	0	1	0	0	0	1	0	0	0	0	0
GCA_018304145.1_ASM1830414v1_genomic	0	1	1	0	0	1	0	1	0	0	1	0	1	0	0	0	0	1	0	1	0	0	1	1	1	1	1	1	1	1	1	1	1	1	1	1	0	1	0	1	1	1	1	0	1	1	1	1	0	1	1	1	1	0	1	1	1	0	0	1	1	1	0	1	1	1	1	0	0	1	1	1	0	0	0	0
GCA_018304165.1_ASM1830416v1_genomic	0	0	1	0	0	0	0	1	0	0	1	0	1	0	0	0	0	0	0	1	0	0	1	1	1	2	1	1	1	0	1	1	1	1	1	1	0	1	0	1	1	1	1	0	1	0	1	1	0	1	0	1	1	0	1	0	1	0	0	1	1	1	0	0	1	1	1	1	0	1	1	1	0	0	0	0
GCA_018304175.1_ASM1830417v1_genomic	0	0	1	0	0	0	0	1	0	0	1	0	1	0	0	0	0	1	0	1	0	0	1	1	1	1	1	1	1	1	1	0	1	0	1	1	0	1	0	1	1	1	1	0	1	1	1	0	1	1	0	1	1	1	1	1	1	1	0	1	1	1	0	1	1	1	1	0	0	1	1	1	0	0	0	0
GCA_018304205.1_ASM1830420v1_genomic	0	0	0	0	0	0	0	0	0	0	0	0	1	0	0	0	0	1	0	1	0	0	1	1	1	0	1	1	1	1	1	0	1	1	1	1	0	1	1	1	1	1	1	0	1	1	1	1	0	1	0	1	1	0	1	0	1	0	0	1	1	1	0	1	1	1	1	0	0	1	1	1	0	0	0	0
GCA_018304225.1_ASM1830422v1_genomic	0	0	1	0	0	0	0	1	0	0	1	0	1	0	0	0	0	0	0	1	0	0	2	1	1	0	1	1	1	1	1	0	1	1	1	0	0	1	2	1	1	1	1	1	1	1	1	1	1	1	1	1	1	1	1	1	1	1	0	1	1	1	0	1	1	1	0	1	0	1	1	1	1	0	0	0
GCA_018304245.1_ASM1830424v1_genomic	0	0	1	0	0	0	0	2	1	0	1	0	1	0	0	0	0	1	0	1	0	0	1	0	1	1	1	1	1	1	1	1	1	1	1	1	0	1	0	1	1	1	1	0	1	1	1	1	1	1	1	1	1	1	1	1	1	1	0	1	1	1	0	1	1	1	1	0	0	1	1	0	0	0	0	0
GCA_018304255.1_ASM1830425v1_genomic	0	0	0	0	0	0	0	0	0	0	0	0	1	0	0	0	0	1	0	1	0	0	1	1	1	1	1	1	1	1	2	0	1	0	2	1	0	1	0	2	2	1	1	0	1	1	1	0	0	1	0	1	1	1	2	1	1	1	0	1	0	1	0	0	2	1	1	0	0	1	1	1	0	0	0	0
GCA_018304325.1_ASM1830432v1_genomic	0	0	1	0	0	0	0	1	0	0	1	0	1	0	0	0	0	1	0	1	0	0	0	1	1	1	0	1	1	1	1	0	1	1	1	1	0	1	0	1	1	1	1	0	1	1	1	1	1	1	0	1	1	0	1	1	1	0	0	1	1	0	0	1	1	1	0	1	0	1	1	1	0	0	0	0
GCA_018304985.1_ASM1830498v1_genomic	0	0	1	0	0	0	0	1	0	0	1	0	1	0	0	0	0	1	0	1	0	0	1	1	1	1	1	1	1	1	1	1	1	1	1	1	0	1	0	1	1	1	1	0	1	0	1	1	1	1	0	1	1	1	1	1	1	1	0	1	0	1	0	1	1	1	0	0	0	1	1	1	0	0	0	0
GCA_018812225.1_ASM1881222v1_genomic	1	0	1	0	0	0	0	1	1	0	0	0	1	1	1	0	0	1	0	1	1	0	1	1	1	0	0	1	1	1	1	1	0	0	0	0	0	1	1	0	0	0	0	0	1	1	1	0	0	1	1	1	0	1	0	0	1	1	0	0	0	1	0	1	1	1	1	1	0	1	1	0	0	0	0	0
GCA_018812355.1_ASM1881235v1_genomic	1	1	1	0	0	1	1	2	1	0	1	0	1	0	1	1	0	1	0	1	1	0	1	1	1	1	1	1	1	1	1	1	1	1	1	1	0	1	1	1	1	1	1	1	1	1	1	1	1	1	1	1	1	1	1	1	1	1	0	1	1	1	0	1	2	1	1	1	0	1	1	1	1	0	0	0
GCA_018812465.1_ASM1881246v1_genomic	1	1	0	1	1	1	1	2	1	1	0	0	1	1	1	1	0	0	0	1	1	0	1	1	1	1	1	1	1	1	1	1	1	1	1	1	0	1	1	2	1	0	1	1	1	1	1	1	1	1	1	1	1	1	1	1	1	1	0	1	1	1	0	1	0	0	1	1	0	0	0	1	1	1	0	1
GCA_018812505.1_ASM1881250v1_genomic	0	1	1	0	0	2	0	2	1	0	1	0	1	1	0	0	0	1	0	1	0	0	1	1	1	1	1	1	1	1	1	1	1	1	1	1	0	1	0	1	1	1	1	1	1	1	1	1	1	0	1	1	1	1	1	1	1	1	0	2	1	1	1	1	1	1	0	1	0	2	1	1	0	0	0	0
GCA_018813725.1_ASM1881372v1_genomic	1	1	1	0	0	1	1	2	1	0	1	0	1	0	1	1	0	1	0	1	1	1	1	1	1	1	1	1	1	1	1	1	1	1	1	1	0	1	1	1	1	1	1	1	1	1	1	1	1	1	1	1	1	1	1	1	1	1	0	1	1	1	0	1	1	1	1	2	0	1	1	0	2	0	0	0
GCA_018815145.1_ASM1881514v1_genomic	1	1	0	2	1	1	1	2	1	0	0	0	1	1	1	1	1	1	0	1	1	1	1	1	1	0	1	1	1	1	1	1	1	0	1	1	0	1	1	1	1	1	0	1	1	1	1	0	1	1	1	1	1	1	1	1	1	1	0	2	2	1	1	1	0	1	1	1	0	1	1	1	1	1	0	2
GCA_018815925.1_ASM1881592v1_genomic	0	1	1	0	0	0	0	2	1	0	1	0	1	0	0	0	0	1	0	1	0	0	1	1	1	1	1	1	1	1	1	1	1	1	1	1	0	1	0	1	1	1	1	0	1	1	1	1	1	0	0	1	1	1	1	1	1	1	0	1	1	1	1	1	1	1	1	1	0	1	2	1	0	0	0	0
GCA_018816335.1_ASM1881633v1_genomic	0	0	1	0	0	0	0	2	0	0	1	0	1	0	0	0	0	1	0	1	0	1	1	1	1	1	1	1	1	1	1	0	1	1	1	1	0	1	0	1	1	1	1	1	1	1	1	1	0	1	1	1	1	1	1	1	1	1	0	1	1	1	0	1	1	1	1	0	0	1	1	1	1	0	0	0
GCA_018816395.1_ASM1881639v1_genomic	0	0	1	0	0	0	0	2	1	0	1	0	0	0	0	0	0	1	0	1	1	0	1	1	0	1	1	0	0	0	0	0	0	1	1	1	0	0	1	1	1	0	1	1	0	0	0	1	1	1	1	1	1	1	1	1	1	1	0	1	1	0	0	1	1	1	1	0	1	1	1	1	0	0	0	0
GCA_018816625.1_ASM1881662v1_genomic	0	0	1	0	0	0	0	2	0	0	1	0	1	0	0	0	0	1	0	1	0	0	1	1	1	1	1	1	1	1	1	1	1	1	1	2	0	1	0	1	1	1	1	0	1	1	1	1	1	0	0	1	1	1	0	1	1	0	0	1	1	1	0	1	1	1	0	1	0	1	1	1	0	0	0	0
GCA_018816705.1_ASM1881670v1_genomic	1	1	1	1	1	1	1	1	0	1	1	0	1	0	2	1	0	1	0	1	1	1	1	1	1	1	1	1	1	1	1	1	1	1	1	1	0	1	1	1	1	1	1	1	1	1	1	1	1	1	1	1	0	1	1	1	1	1	0	1	0	1	0	1	1	1	1	1	0	0	1	1	1	1	0	1
GCA_018816725.1_ASM1881672v1_genomic	1	1	1	1	0	1	1	2	1	1	1	0	1	0	2	1	0	2	1	1	1	1	1	1	1	1	1	1	1	1	1	1	1	1	1	1	0	1	1	1	1	1	1	1	1	1	1	0	1	1	1	1	1	1	1	1	1	1	0	1	1	1	1	1	1	1	1	1	0	1	1	1	1	1	0	1
GCA_018816835.1_ASM1881683v1_genomic	1	0	1	0	0	0	0	0	1	0	0	0	1	0	0	0	0	1	0	1	0	0	1	1	1	1	0	2	1	1	1	1	1	0	1	1	0	1	1	1	1	1	1	0	1	1	1	0	1	0	0	1	1	1	1	0	1	1	0	0	1	1	0	1	1	1	0	0	0	1	1	0	0	0	0	0
GCA_018817005.1_ASM1881700v1_genomic	1	1	1	0	0	1	0	2	1	0	1	0	0	1	1	3	0	1	0	1	1	1	1	1	1	0	1	0	1	1	1	1	1	0	1	1	0	1	1	1	1	1	1	1	1	1	1	0	1	1	1	1	1	1	1	1	1	1	0	2	1	1	0	1	1	1	1	0	0	1	1	1	1	0	0	0
GCA_018817405.1_ASM1881740v1_genomic	1	0	1	0	0	0	0	0	0	0	0	0	1	0	0	0	0	0	0	1	0	0	1	1	1	1	1	1	1	1	1	0	1	1	1	1	0	1	0	1	1	1	1	0	1	1	1	1	1	1	1	1	1	1	1	1	1	1	0	1	0	1	0	1	1	1	1	1	0	1	1	1	0	0	0	0
GCA_018817905.1_ASM1881790v1_genomic	1	0	1	0	0	0	0	0	1	0	0	0	1	0	0	0	0	1	0	1	0	0	1	1	1	1	1	1	1	1	1	0	1	1	1	1	0	1	0	1	1	1	1	0	1	1	1	1	1	1	1	1	1	1	1	1	1	1	0	1	0	0	0	1	1	1	1	0	0	1	1	1	0	0	0	0
GCA_018818025.1_ASM1881802v1_genomic	1	1	1	0	0	1	0	1	1	0	1	0	1	0	1	0	0	1	0	1	1	1	1	1	0	0	1	1	0	1	0	0	1	1	0	0	0	1	1	0	0	1	1	1	0	1	0	0	1	1	1	1	0	1	0	1	1	1	0	2	1	1	0	1	1	0	1	1	0	1	1	1	1	0	0	0
GCA_018818075.1_ASM1881807v1_genomic	0	0	0	0	0	0	0	2	0	0	1	0	1	0	0	0	0	1	0	1	0	0	1	0	1	1	1	1	1	1	1	1	1	0	1	1	0	1	0	1	1	1	1	0	1	1	1	0	1	0	0	1	1	1	0	1	0	1	0	1	1	1	0	1	1	1	0	0	0	1	1	1	0	0	0	0
GCA_018818285.1_ASM1881828v1_genomic	0	0	1	0	0	0	0	2	0	0	1	0	1	0	0	0	0	1	0	2	0	0	1	1	1	1	1	1	1	1	1	1	1	1	1	1	0	1	0	1	1	1	1	0	1	1	1	1	1	1	0	1	0	1	1	1	1	1	0	1	1	1	0	1	1	1	0	0	0	1	1	1	0	0	0	0
GCA_018819065.1_ASM1881906v1_genomic	1	1	1	0	0	1	0	2	1	0	1	0	1	1	2	1	0	1	0	1	1	1	1	1	1	1	1	1	1	1	1	1	1	1	1	1	0	1	1	1	1	1	1	1	1	1	1	1	1	1	1	1	1	1	1	0	1	1	0	2	1	1	1	1	1	1	1	1	0	1	1	2	1	0	0	0
GCA_018819305.1_ASM1881930v1_genomic	1	0	1	0	0	0	0	2	1	0	1	0	1	0	2	2	0	1	0	1	1	0	1	1	1	1	1	1	1	1	1	1	1	1	1	1	0	1	1	1	1	1	1	1	1	1	1	1	1	1	1	1	1	1	1	1	1	1	0	1	1	0	1	1	1	1	1	1	0	1	1	1	1	0	0	0
GCA_018819345.1_ASM1881934v1_genomic	0	1	1	0	0	0	0	2	1	1	1	0	1	0	0	1	0	1	0	0	1	0	1	1	1	1	1	1	1	1	1	1	1	1	1	1	1	1	0	1	1	1	1	1	1	1	1	1	1	1	0	1	1	1	1	0	1	1	0	0	1	1	1	1	1	1	1	0	0	1	1	1	1	0	0	0
GCA_018819375.1_ASM1881937v1_genomic	0	0	1	0	0	0	0	1	1	0	0	0	1	0	0	0	0	0	0	1	1	0	1	1	1	1	1	1	1	1	1	0	1	1	1	1	0	1	1	1	1	1	1	1	1	1	1	1	1	1	1	1	1	1	1	0	1	1	0	1	1	1	1	1	0	1	1	0	1	1	0	1	1	0	0	0
GCA_018819745.1_ASM1881974v1_genomic	0	0	0	0	0	0	0	1	0	0	1	0	1	0	0	0	0	1	0	1	0	0	1	1	1	1	1	1	1	1	1	1	1	1	1	0	0	1	1	1	1	1	1	0	1	1	1	1	1	1	0	1	1	1	1	1	1	1	0	1	1	1	0	1	1	1	1	0	0	1	1	0	0	0	0	0
GCA_018824365.1_ASM1882436v1_genomic	1	1	1	0	0	1	0	2	1	0	1	0	1	0	1	1	0	1	0	1	1	0	0	1	1	1	1	1	1	1	1	1	1	1	1	1	0	1	1	1	1	1	1	1	1	1	1	1	1	1	1	1	1	1	1	1	1	1	0	2	1	1	1	1	1	1	1	1	0	1	1	1	1	0	0	0
GCA_018825165.1_ASM1882516v1_genomic	1	1	1	0	0	1	0	2	0	0	1	0	1	0	2	0	0	1	0	1	1	0	1	1	1	1	1	1	1	1	1	1	1	1	1	1	0	1	1	1	1	1	1	1	1	1	1	1	1	1	0	1	1	1	1	1	1	1	0	2	1	1	0	1	1	1	1	1	0	1	1	1	1	0	0	0
GCA_018825425.1_ASM1882542v1_genomic	2	1	1	0	0	0	1	1	0	0	1	0	1	1	1	2	0	1	0	1	1	1	1	1	0	2	1	1	0	0	0	0	0	1	0	1	0	0	1	0	0	1	1	1	0	1	0	1	1	1	1	1	1	1	0	1	1	1	0	1	1	1	0	1	1	0	1	0	0	0	1	2	1	0	0	0
GCA_018825705.1_ASM1882570v1_genomic	0	0	1	0	0	0	0	1	1	0	1	0	1	0	0	0	0	0	0	1	0	0	1	1	1	1	1	1	1	1	1	1	1	1	0	1	0	1	0	1	0	1	1	0	2	2	1	1	2	1	0	1	1	1	0	1	1	1	0	1	1	0	0	1	1	1	1	0	0	1	1	1	0	0	0	0
GCA_018825865.1_ASM1882586v1_genomic	0	0	1	0	0	0	0	2	1	0	1	0	1	0	0	0	0	1	0	1	0	0	1	1	1	1	1	1	1	1	1	1	1	1	1	0	0	1	0	1	1	1	1	0	1	0	1	1	1	1	0	1	1	0	1	1	1	1	0	1	1	1	0	1	1	1	1	0	0	1	1	0	0	0	0	0
GCA_018829185.1_ASM1882918v1_genomic	1	0	2	0	0	0	0	2	1	1	1	0	1	0	2	0	0	0	0	1	1	0	1	1	1	1	1	1	1	1	1	1	1	1	1	1	0	1	1	1	1	1	1	1	1	1	1	1	1	1	1	1	1	1	1	1	1	1	0	1	1	1	1	1	1	1	1	0	1	1	1	1	1	0	0	0
GCA_018829425.1_ASM1882942v1_genomic	0	0	0	0	0	0	0	1	0	0	1	0	1	0	0	1	0	1	0	1	0	0	1	1	1	0	1	0	1	1	1	1	1	1	1	1	0	1	1	1	1	1	1	0	1	1	1	0	0	1	0	1	1	0	1	1	1	0	0	0	0	1	0	1	0	1	1	0	0	1	1	1	0	0	0	0
GCA_018829485.1_ASM1882948v1_genomic	0	0	1	0	0	0	0	2	0	1	1	0	1	0	0	0	0	1	0	1	0	0	1	1	1	1	1	1	1	0	1	1	1	1	1	1	0	0	1	1	1	1	1	1	1	1	1	1	1	1	1	1	1	0	1	1	1	0	0	1	1	1	0	1	1	1	1	0	0	1	1	0	0	0	0	0
GCA_018829845.1_ASM1882984v1_genomic	1	0	1	0	0	0	0	2	1	0	1	0	1	0	0	0	0	0	0	1	0	1	1	1	1	1	1	1	1	1	1	0	1	1	1	1	0	1	1	1	1	1	1	1	1	1	1	1	1	1	0	1	1	1	1	1	1	1	1	1	1	1	1	1	1	1	1	0	0	1	1	1	0	0	0	0
GCA_018830225.1_ASM1883022v1_genomic	0	1	1	0	0	1	0	2	1	0	1	0	1	1	1	1	0	1	0	1	1	1	1	1	1	1	0	1	1	1	1	1	1	1	1	1	0	1	1	1	1	1	1	0	1	1	1	1	1	1	1	1	0	0	1	1	1	0	0	1	1	1	0	1	3	1	1	1	0	1	1	1	1	0	0	0
GCA_018830245.1_ASM1883024v1_genomic	0	0	1	0	0	0	0	2	1	0	1	0	1	0	0	0	0	1	0	1	0	0	1	1	1	1	1	1	1	1	1	1	1	1	1	1	1	0	0	1	1	1	1	0	1	1	1	1	1	0	0	0	1	1	1	1	1	1	0	1	1	1	0	1	1	1	1	0	0	1	0	1	0	0	0	0
GCA_018830525.1_ASM1883052v1_genomic	1	0	1	0	0	0	0	1	0	0	1	0	1	0	0	0	0	1	0	0	0	0	1	1	1	1	1	1	1	1	1	1	1	1	1	1	0	1	1	1	1	1	1	0	1	1	1	1	1	1	1	1	1	1	1	0	1	1	0	2	0	0	0	1	1	1	0	1	0	1	1	1	1	0	0	0
GCA_018830685.1_ASM1883068v1_genomic	0	0	0	0	0	0	0	0	0	0	1	0	1	0	0	0	0	1	0	1	0	0	1	1	1	1	1	1	1	1	1	1	1	1	1	1	0	1	1	1	1	1	1	0	1	1	1	1	1	1	0	1	1	1	1	1	1	0	0	0	0	1	1	1	1	1	1	0	0	1	0	0	0	0	0	0
GCA_018830825.1_ASM1883082v1_genomic	0	0	1	0	0	0	0	2	0	1	1	0	1	0	0	0	0	1	0	0	1	1	1	1	0	1	1	1	0	0	0	0	0	1	0	1	0	0	0	0	0	1	1	0	0	1	0	1	1	1	1	1	0	1	0	0	1	1	0	0	1	1	1	1	2	0	1	1	0	1	1	2	0	0	0	0
GCA_018830845.1_ASM1883084v1_genomic	0	0	1	0	0	0	0	2	0	0	1	0	1	0	0	1	0	1	0	1	0	0	1	1	1	1	1	1	1	1	1	1	0	1	1	0	0	1	0	1	1	0	1	0	1	1	1	1	1	1	0	0	1	1	1	1	1	0	0	1	1	1	0	1	1	1	1	0	0	1	1	1	0	0	0	0
GCA_018830905.1_ASM1883090v1_genomic	0	0	0	0	0	0	0	1	0	0	1	0	1	0	0	0	0	1	0	1	0	0	1	0	1	1	1	1	1	1	1	1	1	1	1	1	0	1	1	1	1	1	1	0	1	1	1	1	2	0	0	1	1	1	1	1	1	1	0	1	0	1	1	1	0	1	0	0	0	1	1	1	0	0	0	0
GCA_018830945.1_ASM1883094v1_genomic	1	1	1	0	0	0	0	2	1	1	1	0	1	0	0	1	0	1	0	1	1	0	1	1	1	1	1	1	1	1	1	1	1	1	1	0	0	1	1	1	1	1	1	1	1	1	1	1	1	1	1	1	1	1	1	1	1	1	0	1	1	1	0	1	1	1	1	0	0	1	1	1	2	0	0	0
GCA_018831025.1_ASM1883102v1_genomic	0	0	1	0	0	0	0	0	0	0	0	0	1	1	0	0	0	1	0	1	0	0	1	1	1	1	1	1	1	1	1	1	1	1	1	1	0	1	1	1	1	0	1	1	1	1	1	1	1	1	1	1	1	1	1	1	1	1	0	1	1	0	1	1	1	1	1	1	1	1	1	1	1	0	0	0
GCA_018894675.1_ASM1889467v1_genomic	0	1	1	0	0	0	0	0	0	1	0	0	1	0	1	1	0	1	0	1	1	0	0	1	1	1	1	1	1	2	1	1	1	1	1	1	1	1	0	1	1	1	1	0	1	2	1	1	1	1	0	1	1	1	1	1	1	1	0	0	0	1	1	1	1	1	1	1	0	1	0	1	1	0	0	0
GCA_018896675.1_ASM1889667v1_genomic	1	0	1	0	0	0	0	2	1	1	1	0	1	0	0	1	0	1	0	1	1	0	1	1	1	1	1	1	1	1	1	1	1	1	1	1	0	1	1	1	1	1	1	1	1	1	1	1	1	1	1	1	1	1	1	1	1	1	0	1	1	1	1	1	1	1	1	0	0	1	1	1	1	0	0	0
GCA_018897135.1_ASM1889713v1_genomic	0	0	0	0	0	0	0	2	0	0	1	0	1	0	0	0	0	1	0	1	0	0	1	1	1	1	1	1	1	1	1	1	1	0	1	1	0	1	0	1	1	1	1	0	1	1	1	0	1	1	0	1	1	1	1	1	1	1	0	1	1	0	0	1	1	1	1	0	0	1	1	1	0	0	0	0
GCA_018897235.1_ASM1889723v1_genomic	0	1	1	0	0	0	0	2	1	1	1	0	1	0	1	1	0	1	0	1	1	0	1	1	0	1	1	1	1	1	1	1	1	1	1	1	1	1	1	1	1	1	1	1	1	2	1	1	1	1	1	1	1	1	1	1	1	1	0	0	1	1	1	1	1	1	1	1	0	1	0	1	1	0	0	0
GCA_018898425.1_ASM1889842v1_genomic	0	0	0	0	0	0	0	2	0	0	1	0	1	0	0	1	0	0	0	1	0	0	1	1	1	1	1	1	1	1	1	1	1	1	1	1	0	1	0	1	1	1	1	0	1	1	1	1	1	0	0	1	1	1	1	1	1	1	0	1	1	0	0	1	1	1	1	0	0	1	1	1	0	0	0	0
GCA_018900535.1_ASM1890053v1_genomic	0	0	1	0	0	1	0	1	0	1	1	0	1	1	1	0	0	0	0	1	0	0	0	1	0	1	1	1	1	1	0	1	1	1	0	1	0	1	2	0	1	1	1	1	0	1	1	2	1	0	2	1	1	0	1	0	1	0	0	0	0	1	1	1	1	0	1	0	0	0	1	0	1	0	0	0
GCA_018901245.1_ASM1890124v1_genomic	1	0	2	0	0	0	0	2	1	1	1	0	1	0	2	0	0	0	0	1	1	0	1	1	1	1	1	1	1	1	1	1	1	1	1	1	0	1	1	1	1	2	2	1	1	1	1	1	1	1	1	1	1	1	1	1	1	1	0	1	1	1	1	1	1	1	1	0	1	1	1	1	1	0	0	0
GCA_018901315.1_ASM1890131v1_genomic	0	1	1	0	0	0	0	2	1	1	1	0	1	0	1	0	0	1	0	0	1	0	1	1	1	1	1	1	1	1	1	2	1	1	1	1	1	1	1	1	1	1	1	1	1	2	1	0	1	1	1	1	1	1	2	0	1	1	0	0	1	1	1	1	1	1	1	0	0	1	1	1	1	0	0	0
GCA_018901375.1_ASM1890137v1_genomic	0	0	0	0	0	0	0	0	0	0	1	0	1	0	0	0	0	0	0	0	0	0	1	1	1	1	1	1	1	1	1	0	1	0	1	0	0	0	0	0	1	1	1	0	1	1	1	0	1	1	0	1	0	1	1	0	1	1	0	1	0	1	0	1	0	1	0	1	0	1	0	1	1	0	0	0
GCA_018901625.1_ASM1890162v1_genomic	1	0	1	0	0	0	0	1	0	0	1	0	1	0	0	0	0	1	0	1	0	0	1	1	1	1	1	1	1	1	1	1	1	1	1	1	0	1	0	1	1	1	1	0	1	1	1	1	1	1	0	1	1	1	1	1	2	1	0	1	1	1	1	1	2	1	1	1	0	0	0	1	0	0	0	0
GCA_018901655.1_ASM1890165v1_genomic	0	0	1	0	0	1	0	1	0	1	1	0	1	1	0	0	0	0	0	1	1	0	1	1	1	0	0	1	1	1	1	1	1	1	1	1	0	1	1	1	1	1	1	1	1	1	1	1	1	0	1	1	1	1	1	1	1	1	0	1	0	0	1	1	1	1	1	0	0	1	1	1	0	0	0	0
GCA_018901675.1_ASM1890167v1_genomic	0	0	1	0	0	0	0	2	1	0	1	0	1	0	0	0	0	0	0	1	0	0	1	1	1	1	1	1	1	1	1	0	1	0	1	1	0	1	0	1	1	1	1	0	0	0	1	0	1	1	0	1	1	1	1	1	1	1	0	1	1	0	0	1	0	1	1	0	0	1	1	0	0	0	0	0
GCA_019659125.1_ASM1965912v1_genomic	0	0	1	0	0	0	0	0	0	0	0	0	1	0	0	0	0	2	0	1	0	0	1	1	1	1	1	1	0	1	1	0	1	1	1	1	0	1	1	1	1	1	1	0	1	1	1	1	1	1	1	1	1	1	1	1	1	1	0	1	0	1	1	1	1	1	1	1	0	1	1	1	0	0	0	0
GCA_019662115.1_ASM1966211v1_genomic	0	0	1	0	0	0	0	0	0	0	0	0	1	0	0	0	0	1	0	1	0	0	1	1	1	1	1	1	1	1	1	1	1	1	1	1	0	1	1	1	1	1	1	0	1	1	1	1	1	0	1	1	1	1	1	1	1	2	0	1	0	1	1	1	1	1	1	0	0	1	0	1	0	0	0	0
GCA_020053375.1_ASM2005337v1_genomic	0	0	0	0	0	0	0	0	0	0	0	0	1	0	0	0	0	0	0	1	0	0	1	1	1	1	1	1	1	1	1	1	1	1	1	1	0	1	0	0	1	1	1	0	1	1	1	1	1	1	0	1	1	1	1	1	1	1	0	2	1	1	0	1	1	1	1	0	0	1	1	1	0	0	0	0
GCA_020056045.1_ASM2005604v1_genomic	0	1	1	0	0	0	0	2	1	0	1	0	1	0	0	0	0	2	0	1	0	0	1	0	1	1	0	1	1	1	0	0	1	1	1	1	1	1	0	1	1	1	1	0	1	1	1	1	1	1	0	1	1	1	1	1	0	1	0	1	1	1	0	1	2	1	1	1	0	0	1	1	0	0	0	0
GCA_020430385.1_ASM2043038v1_genomic	1	1	0	1	1	0	0	0	0	0	1	0	1	1	0	1	0	1	0	0	0	0	1	1	1	1	1	0	1	1	1	1	1	1	1	0	0	1	0	1	1	1	1	0	1	1	1	1	1	1	1	1	0	1	1	1	1	1	0	0	0	1	0	0	2	1	1	1	0	1	1	2	2	1	0	0
GCA_020430405.1_ASM2043040v1_genomic	0	0	0	1	1	0	0	2	0	0	1	0	1	0	1	1	0	1	0	0	1	0	1	1	1	1	1	1	1	1	1	1	1	1	1	1	0	1	0	1	1	1	1	1	1	1	1	1	1	1	1	1	1	1	1	1	1	1	0	0	1	1	1	1	1	1	1	0	0	1	1	1	1	1	1	0
GCA_020430425.1_ASM2043042v1_genomic	0	0	1	0	0	0	0	1	1	0	1	0	1	1	1	0	0	1	0	1	1	0	1	1	1	1	1	1	1	1	1	1	1	0	1	1	0	1	1	1	1	1	1	1	1	1	1	0	1	1	1	1	0	0	1	1	1	1	0	2	1	1	0	1	1	1	1	1	0	1	2	1	1	0	0	0
GCA_020430455.1_ASM2043045v1_genomic	1	0	0	1	1	0	0	2	0	0	1	0	1	1	0	1	0	1	0	0	1	1	1	1	1	1	1	1	1	1	1	1	1	0	1	1	0	1	0	1	1	1	1	1	1	1	1	1	0	1	1	1	1	1	1	1	1	1	0	1	1	1	1	1	1	1	1	1	0	1	1	1	1	1	0	1
GCA_020430475.1_ASM2043047v1_genomic	0	0	1	0	0	0	0	0	0	0	0	0	1	0	0	0	0	0	0	1	0	0	1	1	1	1	0	1	1	1	0	1	0	1	1	1	0	1	0	1	1	1	1	0	1	0	1	0	1	0	0	0	1	0	1	0	1	0	0	1	0	0	1	0	1	1	1	1	0	1	1	0	0	0	0	0
GCA_020430505.1_ASM2043050v1_genomic	0	0	1	0	0	0	0	1	0	0	1	0	1	0	0	1	0	1	0	1	0	0	1	1	1	1	1	1	1	1	1	1	1	1	1	1	0	1	0	1	1	1	1	0	1	1	1	1	1	1	0	1	1	1	1	1	1	1	0	1	1	1	0	1	1	1	1	0	0	1	1	1	0	0	0	0
GCA_020697515.1_ASM2069751v1_genomic	0	0	1	0	0	0	0	1	1	1	1	0	0	1	1	0	0	1	0	1	1	0	1	1	1	1	1	0	1	1	1	0	1	0	1	1	0	1	1	1	1	0	1	0	1	1	1	1	1	0	0	1	1	1	1	1	1	1	0	1	1	0	0	1	1	1	1	0	0	1	1	1	0	0	0	0
GCA_020718025.1_ASM2071802v1_genomic	1	1	1	1	1	0	1	1	1	1	1	1	1	1	2	1	1	1	1	1	1	1	1	1	1	1	1	1	1	1	1	1	1	1	1	1	1	1	1	1	1	1	1	1	1	1	1	1	1	1	1	1	1	1	1	1	1	1	1	2	0	1	1	1	1	1	1	1	1	1	0	1	2	1	1	1
GCA_020723115.1_ASM2072311v1_genomic	0	0	0	1	0	0	0	0	1	0	0	0	1	1	0	0	1	1	0	1	1	0	1	1	0	0	0	1	1	0	1	1	0	1	1	0	0	0	0	1	1	1	1	0	0	1	1	0	0	0	0	1	0	1	1	1	1	0	0	1	0	1	1	1	1	1	0	0	0	1	1	1	1	1	0	1
GCA_021160605.1_ASM2116060v1_genomic	0	0	0	0	0	0	0	0	1	0	0	0	0	0	1	0	0	1	0	1	1	0	1	0	1	1	1	0	1	0	1	1	1	1	0	0	0	0	0	0	0	1	1	1	1	1	1	1	1	1	0	1	1	1	1	1	0	1	0	1	1	0	0	1	0	0	1	0	1	1	1	1	1	0	0	0
GCA_021162365.1_ASM2116236v1_genomic	0	0	1	0	0	0	0	2	1	1	1	0	1	0	1	0	0	0	0	0	1	0	1	1	1	1	1	1	1	1	1	1	1	1	1	1	1	1	1	1	1	1	1	1	1	1	1	1	1	1	1	1	1	1	1	1	1	1	0	1	1	1	1	1	1	1	1	0	1	1	1	1	1	0	0	0
GCA_021163365.1_ASM2116336v1_genomic	0	0	1	0	0	0	0	2	1	1	1	0	1	0	1	2	0	0	0	2	1	1	1	1	1	1	1	1	1	1	1	1	1	1	1	1	1	1	1	1	1	1	1	1	1	1	1	1	1	1	0	1	1	1	1	1	1	1	0	1	1	1	1	1	1	1	1	0	1	1	1	1	1	0	0	0
GCA_021735625.1_ASM2173562v1_genomic	0	0	0	0	0	0	0	2	1	0	1	0	0	0	0	0	0	1	0	0	0	0	1	1	1	1	1	0	1	1	1	1	1	1	0	1	0	1	0	0	0	0	0	0	1	1	1	1	1	0	0	1	1	1	0	1	1	1	0	0	1	1	0	1	1	0	1	1	0	0	1	0	0	0	0	0
GCA_021781015.1_ASM2178101v1_genomic	0	0	1	0	0	0	0	2	1	0	0	0	1	0	0	0	0	1	0	0	0	0	1	1	1	1	1	1	1	1	1	1	1	1	1	1	0	1	0	1	1	1	1	0	1	0	1	1	0	1	0	1	0	0	1	1	1	1	0	0	0	1	0	1	1	0	1	0	0	1	0	1	0	0	0	0
GCA_021791655.1_ASM2179165v1_genomic	0	0	1	1	1	0	0	2	1	1	1	1	1	0	1	1	0	2	0	1	1	0	1	1	1	1	1	1	1	1	1	0	1	1	1	1	0	1	1	1	1	1	1	1	1	1	1	1	1	1	1	1	1	1	1	1	1	1	0	1	1	1	0	1	1	1	1	1	0	1	1	2	1	1	0	1
GCA_021794235.1_ASM2179423v1_genomic	1	0	1	1	1	0	0	2	0	1	1	0	1	0	1	1	0	1	0	1	1	0	0	1	1	1	1	1	1	1	1	0	1	1	0	0	0	1	1	0	0	1	1	1	1	1	1	1	1	1	1	1	1	1	0	1	1	1	0	1	1	1	1	1	1	0	1	0	0	1	1	1	1	1	0	1
GCA_021796445.1_ASM2179644v1_genomic	0	0	1	2	2	0	0	2	0	1	1	1	1	0	1	1	0	1	0	1	1	0	1	1	1	1	1	1	1	1	1	0	1	1	1	1	0	1	1	1	1	0	0	1	1	1	1	1	1	1	1	1	1	1	1	1	1	0	0	1	1	0	0	0	1	1	1	1	0	2	1	1	1	2	0	2
GCA_021797085.1_ASM2179708v1_genomic	0	0	1	1	1	0	0	2	1	1	1	1	1	0	1	1	0	1	0	1	1	0	1	1	1	1	1	1	1	1	1	0	1	1	1	1	0	1	1	1	1	1	1	1	1	1	1	1	1	1	1	1	1	1	1	1	1	1	0	1	1	1	0	0	1	1	1	1	0	2	1	1	1	1	0	1
GCA_021797325.1_ASM2179732v1_genomic	0	0	1	1	1	0	0	2	1	1	1	0	1	0	0	1	0	1	0	1	1	0	1	1	1	1	1	1	1	1	1	0	1	1	1	1	0	1	1	1	1	1	1	1	1	1	1	1	1	1	1	1	1	1	1	1	1	1	0	1	1	1	1	1	1	1	1	1	0	1	1	1	0	1	0	1
GCA_021798035.1_ASM2179803v1_genomic	0	0	1	0	1	0	0	2	2	1	1	1	1	0	1	1	0	0	0	1	0	0	1	0	1	0	0	1	1	1	1	0	1	1	1	0	0	1	1	1	1	0	0	1	1	1	1	1	0	1	1	0	1	1	1	1	0	1	0	1	1	1	0	0	1	1	1	1	0	2	0	1	0	1	0	1
GCA_021798355.1_ASM2179835v1_genomic	0	0	1	1	1	0	0	1	1	1	1	0	1	0	0	1	0	0	0	1	1	0	1	1	1	1	0	1	1	1	1	0	1	1	1	1	0	1	1	1	1	1	1	1	1	1	1	1	1	1	1	1	1	1	1	0	1	1	0	0	1	1	0	1	1	1	1	0	0	1	1	1	0	1	0	1
GCA_021799085.1_ASM2179908v1_genomic	0	0	1	1	1	0	0	2	1	1	1	1	1	0	1	2	0	1	0	1	1	0	1	1	1	1	1	1	1	1	1	0	1	1	1	1	0	1	1	1	1	1	1	1	1	1	1	1	1	1	1	1	1	1	1	1	1	1	0	1	1	1	0	1	1	1	1	1	0	2	1	1	1	1	0	1
GCA_021799375.1_ASM2179937v1_genomic	0	0	1	1	1	0	0	2	1	1	1	1	1	0	1	2	0	1	0	1	1	0	1	1	1	1	1	1	1	1	1	0	1	1	1	1	0	1	1	1	1	1	1	1	1	1	1	1	1	1	1	1	1	1	1	1	1	1	0	1	1	1	0	1	1	1	1	1	0	1	1	1	1	1	0	1
GCA_021799535.1_ASM2179953v1_genomic	0	0	1	0	0	0	0	2	0	0	1	0	1	0	0	2	0	1	0	1	0	0	1	1	1	1	1	1	1	1	1	1	1	1	1	0	0	1	0	1	1	1	1	0	1	1	1	1	1	0	0	1	1	1	1	1	1	1	0	1	1	1	0	1	1	1	1	1	0	1	1	1	0	0	0	0
GCA_021800365.1_ASM2180036v1_genomic	0	0	1	1	1	0	0	2	1	1	1	1	1	0	1	1	0	1	0	1	1	0	1	1	1	1	1	1	1	1	1	0	1	1	1	1	0	1	1	1	1	1	1	1	1	1	1	1	1	1	1	1	1	1	1	1	1	1	0	1	1	1	1	1	1	1	1	1	0	1	1	1	1	0	0	1
GCA_021802005.1_ASM2180200v1_genomic	0	0	2	1	2	0	0	2	0	0	0	0	0	0	0	0	0	0	0	0	0	0	0	0	1	0	0	0	0	0	1	0	1	0	0	0	0	1	0	1	0	1	1	1	1	0	0	0	1	1	0	1	1	0	0	1	1	0	0	1	1	1	0	1	2	1	1	1	0	1	0	1	2	0	1	1
GCA_021802105.1_ASM2180210v1_genomic	0	0	1	1	1	0	0	2	1	1	1	0	1	0	1	0	0	1	0	1	1	0	1	1	1	1	1	1	1	1	1	0	1	1	1	1	0	1	1	1	1	1	1	1	1	1	1	1	1	0	1	1	1	1	1	1	1	1	0	1	1	0	1	1	1	1	0	1	0	1	1	1	1	1	0	1
GCA_021802505.1_ASM2180250v1_genomic	0	0	1	1	1	0	0	2	0	1	1	1	1	0	0	2	0	1	0	1	1	0	0	1	1	1	1	1	1	1	1	0	1	1	1	0	0	1	0	1	1	1	1	1	1	0	1	1	1	1	0	1	1	1	1	1	1	1	0	1	1	1	1	1	1	1	1	0	0	1	1	1	1	1	0	0
GCA_021804015.1_ASM2180401v1_genomic	0	0	1	1	1	0	0	1	1	1	1	0	1	0	1	1	0	1	0	0	1	0	1	0	1	1	0	1	1	2	1	0	1	0	0	1	0	1	1	0	0	0	0	1	1	1	1	1	1	1	1	0	1	0	0	0	0	0	0	0	0	1	0	1	1	0	1	1	0	1	1	0	2	1	0	1
GCA_021807085.1_ASM2180708v1_genomic	0	0	1	1	1	0	0	2	1	1	1	0	1	0	1	1	0	1	0	1	1	0	1	1	1	1	1	1	1	1	1	0	1	1	1	1	0	1	1	1	1	1	1	1	1	1	1	1	1	1	1	1	1	1	1	1	1	1	0	1	1	1	0	1	1	1	1	1	0	1	1	1	1	1	0	1
GCA_021807125.1_ASM2180712v1_genomic	0	0	1	0	0	0	0	2	1	1	1	1	1	0	1	0	0	2	0	1	1	0	1	1	1	1	1	1	1	1	1	0	1	1	1	1	0	1	1	1	1	0	0	0	1	1	1	1	1	0	1	1	0	1	1	1	1	1	0	1	1	0	0	1	1	1	0	1	0	0	1	1	0	0	0	0
GCA_021809675.1_ASM2180967v1_genomic	1	0	1	1	1	0	0	2	0	1	1	0	0	0	1	0	0	1	0	1	1	0	1	1	1	1	0	0	1	1	1	0	1	1	1	1	0	1	0	1	1	1	1	1	1	1	1	1	1	1	1	1	1	1	1	1	1	1	0	1	1	0	0	1	1	1	1	0	0	1	1	1	1	1	1	1
GCA_021810345.1_ASM2181034v1_genomic	0	0	1	1	1	0	0	2	1	1	1	0	1	0	1	0	0	1	0	1	1	0	1	1	1	1	1	1	1	1	1	0	1	1	1	1	0	1	1	1	1	1	1	1	1	1	1	1	1	1	2	1	1	1	1	1	1	1	0	1	1	0	0	1	1	1	1	1	0	1	1	1	1	1	1	1
GCA_021811735.1_ASM2181173v1_genomic	1	0	1	1	1	0	0	2	1	1	1	0	1	0	1	1	0	1	0	1	1	0	1	0	1	1	1	1	1	1	1	0	1	1	1	1	0	1	1	1	1	1	1	0	1	1	1	1	1	1	1	1	0	1	1	1	1	1	0	1	1	1	0	1	1	1	1	1	0	1	1	1	1	1	0	1
GCA_021813435.1_ASM2181343v1_genomic	0	0	1	0	0	0	0	2	1	0	0	0	1	1	2	0	0	1	0	1	1	0	1	1	1	1	1	1	1	1	1	1	1	1	1	1	1	1	1	1	1	1	1	1	1	1	1	1	1	1	1	1	1	1	1	1	1	1	0	1	1	1	1	1	1	1	1	1	0	1	1	1	1	0	0	0
GCA_021817165.1_ASM2181716v1_genomic	0	0	1	1	1	0	0	2	1	1	1	1	1	0	1	1	0	1	0	1	1	0	1	1	1	1	1	1	1	1	1	0	1	1	1	1	0	1	1	1	1	1	1	1	1	1	1	1	1	1	1	1	1	1	1	1	1	1	0	1	1	1	1	1	1	1	1	1	0	2	1	1	1	1	0	1
GCA_021818475.1_ASM2181847v1_genomic	0	1	1	0	0	0	0	2	1	0	1	0	1	0	0	0	0	1	0	1	0	0	1	1	1	1	1	1	1	1	1	1	1	1	1	0	0	1	0	1	1	1	1	0	1	1	1	1	1	1	0	1	1	1	1	1	1	1	0	1	1	1	0	1	1	1	0	0	0	1	1	1	0	0	0	0
GCA_021818665.1_ASM2181866v1_genomic	1	0	1	1	1	0	0	2	1	1	1	0	1	0	1	1	0	1	0	1	1	0	1	1	1	1	1	1	1	1	1	0	1	1	1	1	0	1	1	1	1	1	1	1	1	0	1	1	1	1	1	1	1	1	1	1	1	1	0	1	1	1	1	1	1	1	1	1	0	1	1	1	1	1	0	1
GCA_021818905.1_ASM2181890v1_genomic	1	0	0	1	1	0	0	2	1	1	1	1	1	0	1	1	0	2	0	1	1	0	1	1	1	1	1	1	1	1	1	0	1	1	1	1	0	1	1	1	1	1	1	1	1	1	1	1	1	1	1	1	1	1	1	0	1	1	0	1	1	1	0	1	0	1	1	1	0	1	1	1	1	1	1	1
GCA_021825165.1_ASM2182516v1_genomic	0	0	1	0	0	0	0	2	0	0	0	0	1	0	0	0	0	1	0	0	0	0	1	0	1	0	1	1	1	0	1	1	0	0	1	1	0	0	0	1	1	1	1	0	1	1	1	1	1	0	0	0	0	0	0	1	0	1	0	1	1	1	0	1	1	0	1	1	0	0	0	1	0	0	0	0
GCA_021827565.1_ASM2182756v1_genomic	0	0	1	1	0	0	0	2	1	1	1	0	1	0	1	0	0	1	0	1	1	0	1	1	1	1	1	1	1	1	1	0	1	1	1	1	0	1	1	1	1	1	1	1	1	1	1	1	1	1	1	1	1	1	1	1	1	1	0	1	1	1	0	1	1	1	1	1	0	1	1	1	1	0	1	1
GCA_021829785.1_ASM2182978v1_genomic	0	0	1	1	1	0	0	2	1	1	1	1	1	0	1	1	0	1	0	1	1	0	1	1	1	1	1	1	1	1	1	0	1	1	1	0	0	1	1	1	1	1	1	1	1	1	1	1	1	1	1	1	1	1	1	1	1	1	0	1	1	0	0	1	1	1	1	1	0	2	1	1	1	1	0	1
GCA_021832485.1_ASM2183248v1_genomic	1	0	0	1	1	0	0	0	1	1	1	0	0	0	1	0	0	1	0	1	0	0	1	1	1	1	1	0	1	1	1	0	1	1	1	1	0	1	1	1	1	1	1	1	1	1	1	1	1	1	1	1	1	1	1	0	1	1	0	0	0	1	0	0	0	1	1	1	0	1	1	1	1	1	0	1
GCA_021834755.1_ASM2183475v1_genomic	0	0	2	0	0	0	0	1	1	1	1	0	2	0	1	0	0	0	0	1	1	0	0	1	0	0	0	2	0	0	0	0	0	1	0	1	0	0	1	0	0	1	1	1	0	1	0	1	1	1	1	0	1	1	0	0	1	1	0	0	2	0	0	1	2	0	1	0	0	1	0	1	1	0	0	0
GCA_021834945.1_ASM2183494v1_genomic	0	0	0	2	1	0	0	1	1	1	1	0	0	0	0	0	0	2	0	1	1	0	1	1	1	1	0	0	1	1	1	0	1	1	1	1	0	1	1	1	1	1	1	1	1	0	1	1	1	1	1	1	1	1	1	0	1	1	0	1	1	0	0	1	0	2	1	1	0	1	1	0	2	1	0	0
GCA_021835645.1_ASM2183564v1_genomic	0	0	0	0	2	0	0	1	2	1	0	1	1	0	1	1	0	1	0	1	1	0	1	1	1	1	1	1	1	1	1	0	1	1	0	0	0	1	0	0	0	1	1	0	1	1	1	1	1	0	0	0	0	1	0	0	0	0	0	0	1	0	1	1	0	0	0	0	0	0	1	1	0	2	0	0
GCA_021845405.1_ASM2184540v1_genomic	0	0	1	2	1	0	0	2	1	1	1	0	0	0	0	1	0	1	0	1	0	0	1	1	2	0	1	0	1	2	2	0	2	1	2	1	0	2	1	2	2	1	1	1	2	1	1	1	0	1	1	1	1	1	2	1	1	1	0	1	1	1	0	1	1	2	1	1	0	2	1	1	1	1	0	2
GCA_021846665.1_ASM2184666v1_genomic	0	0	1	1	1	0	0	2	1	1	1	1	1	0	1	2	0	1	0	1	1	0	1	1	1	1	1	1	1	1	1	0	1	1	1	1	0	1	1	1	1	1	1	1	1	1	1	1	1	1	1	1	1	1	1	1	1	1	0	1	1	1	0	1	1	1	1	1	0	1	1	1	1	1	0	1
GCA_021850635.1_ASM2185063v1_genomic	0	0	1	1	1	0	0	2	1	1	1	0	1	0	1	0	0	1	0	1	1	0	1	1	1	1	1	1	1	1	1	0	1	1	1	1	0	1	1	1	1	1	1	2	1	1	1	1	1	1	1	1	1	1	1	1	1	1	0	1	1	0	0	1	1	1	1	1	0	1	1	1	1	1	0	1
GCA_021851145.1_ASM2185114v1_genomic	0	0	1	2	1	0	0	2	1	1	1	0	1	0	0	1	0	1	0	1	1	0	0	1	1	1	1	1	1	1	1	0	1	1	1	1	0	1	1	1	1	0	0	0	1	0	1	1	1	0	1	0	0	1	1	1	1	1	0	1	1	1	0	1	1	1	0	1	0	0	1	1	1	1	0	2
GCA_021852135.1_ASM2185213v1_genomic	0	0	1	1	1	0	0	2	1	1	1	0	1	0	0	0	0	0	0	1	0	0	1	0	1	1	1	2	1	1	1	0	1	1	1	1	0	1	1	0	1	0	0	1	1	1	1	1	0	0	1	1	1	1	1	1	0	1	0	1	0	1	0	0	1	0	0	1	0	2	1	1	0	1	0	1
GCA_021852265.1_ASM2185226v1_genomic	0	0	1	1	1	0	0	2	1	1	1	1	1	0	1	1	0	1	0	1	1	0	1	1	1	1	1	1	1	1	1	0	1	1	1	1	0	1	1	1	1	1	1	1	1	1	1	1	1	1	2	1	1	1	1	1	1	1	0	1	1	1	1	1	1	1	1	1	0	1	1	1	1	0	0	1
GCA_022013305.1_ASM2201330v1_genomic	0	1	1	0	0	0	0	2	1	1	1	0	1	0	2	1	0	1	0	1	1	0	1	1	0	1	1	1	1	1	1	1	1	0	1	1	0	1	1	1	1	1	1	1	0	1	1	1	1	1	1	1	1	1	1	1	1	1	0	1	0	1	1	1	3	1	1	0	0	0	1	0	1	0	0	0
GCA_022013775.1_ASM2201377v1_genomic	1	1	1	1	1	1	1	2	1	1	1	1	1	1	0	1	1	1	1	1	1	1	1	1	1	1	1	1	1	1	1	1	1	1	1	1	1	1	1	1	1	1	1	1	1	1	1	1	1	1	1	1	1	1	1	1	1	1	1	1	0	1	1	1	1	1	1	1	1	1	0	1	1	1	1	1
GCA_022014835.1_ASM2201483v1_genomic	0	0	1	0	0	0	0	2	1	1	1	0	1	1	1	0	0	1	0	1	1	0	1	1	1	1	1	1	1	1	1	0	1	1	1	1	0	1	1	1	1	1	1	1	1	1	1	1	1	1	0	1	1	1	1	1	1	1	0	1	1	1	1	1	1	1	1	1	0	1	1	1	1	0	0	0
GCA_022561055.1_ASM2256105v1_genomic	1	0	1	0	0	0	0	0	0	0	0	0	1	0	0	0	0	1	0	1	0	0	1	1	1	1	1	1	1	1	1	0	1	1	1	1	0	1	0	1	1	1	1	0	1	1	1	1	1	1	1	1	1	1	1	1	1	1	0	1	0	1	0	1	3	1	1	0	0	1	1	1	0	0	0	0
GCA_022563455.1_ASM2256345v1_genomic	1	0	1	0	0	0	0	1	0	0	1	0	1	0	0	0	0	1	0	0	0	0	1	1	1	1	1	1	1	1	1	0	1	1	1	1	0	1	1	1	1	1	1	0	1	1	1	1	1	1	1	1	1	1	1	1	1	2	0	1	0	1	0	1	1	1	1	1	0	1	1	1	1	0	0	0
GCA_022564635.1_ASM2256463v1_genomic	1	1	1	1	1	1	1	2	1	0	1	0	1	0	1	0	0	1	1	2	1	1	1	1	1	1	1	1	1	1	1	1	1	0	1	1	0	1	1	1	1	1	1	1	1	1	1	0	1	0	1	1	0	1	1	1	1	1	0	1	1	1	0	1	2	1	0	1	0	1	1	0	0	1	1	1
GCA_022565235.1_ASM2256523v1_genomic	1	1	1	0	0	1	1	2	1	1	0	0	0	0	0	1	0	1	0	0	0	1	0	1	1	1	0	0	1	1	1	1	1	1	1	0	0	1	1	1	1	1	1	0	1	1	1	1	1	1	1	1	1	1	1	1	1	1	0	0	0	1	0	1	1	1	1	1	0	0	0	1	0	0	0	0
GCA_022565615.1_ASM2256561v1_genomic	0	0	0	1	1	0	0	1	0	0	1	0	1	1	1	1	0	1	0	0	1	0	1	1	1	1	1	1	1	1	1	1	1	1	1	1	0	1	0	1	1	1	1	1	1	1	1	1	1	1	1	1	1	1	1	1	1	1	0	1	1	1	1	1	0	1	0	1	0	1	1	1	2	1	0	1
GCA_022568055.1_ASM2256805v1_genomic	1	1	1	1	1	0	1	0	1	0	0	0	0	0	0	0	0	1	0	1	1	1	1	0	1	1	0	0	1	1	0	1	2	0	1	1	0	2	1	1	1	1	1	2	1	0	1	0	1	0	1	2	1	1	1	1	0	1	0	1	0	0	0	0	1	2	0	2	0	0	1	0	0	1	0	0
GCA_022571965.1_ASM2257196v1_genomic	1	0	0	0	0	0	0	1	0	0	1	0	0	0	0	2	0	1	0	1	0	0	1	0	1	1	1	0	1	1	1	1	1	1	1	1	0	1	0	1	1	0	0	0	1	1	1	1	1	0	0	1	2	1	1	2	0	1	0	1	1	0	0	1	1	1	1	1	0	0	1	0	0	0	0	0
GCA_022572525.1_ASM2257252v1_genomic	1	0	1	0	0	0	0	1	0	1	1	0	1	0	0	0	0	1	0	1	0	0	1	1	1	1	1	1	1	1	1	1	1	1	0	1	0	1	1	0	1	0	0	0	0	1	1	1	1	1	1	1	0	1	0	1	1	1	0	1	1	1	1	1	1	1	1	0	0	1	1	0	0	0	0	0
GCA_022573465.1_ASM2257346v1_genomic	0	0	0	0	0	0	0	1	0	0	1	0	2	0	0	0	0	0	0	0	0	0	1	2	1	1	1	2	1	1	1	1	1	1	1	1	1	1	0	1	1	2	2	0	1	0	1	1	1	1	0	1	0	1	1	0	2	1	0	1	1	2	0	1	1	0	1	1	0	2	1	2	0	0	0	0
GCA_022703705.1_ASM2270370v1_genomic	0	0	0	0	0	0	0	1	1	0	1	0	1	0	0	0	0	1	0	1	0	0	1	1	1	1	1	1	1	1	1	1	1	1	1	1	0	1	0	1	1	1	1	0	1	1	1	1	1	1	0	1	0	1	1	1	1	1	0	1	1	1	0	1	2	1	1	1	0	1	1	1	0	0	0	0
GCA_022709085.1_ASM2270908v1_genomic	0	0	0	0	0	0	0	1	1	0	1	0	1	0	0	0	0	0	0	1	0	0	1	1	1	1	1	1	1	1	1	1	1	1	1	1	0	1	0	1	1	1	1	0	1	1	1	1	1	1	0	1	1	1	1	1	1	1	0	1	1	1	0	1	1	1	1	1	0	1	1	1	0	0	0	0
GCA_022709585.1_ASM2270958v1_genomic	0	1	1	0	0	0	0	1	0	0	1	0	1	0	0	0	0	1	0	1	0	0	1	1	1	1	1	1	1	1	1	1	1	1	1	1	0	1	0	1	1	1	1	0	1	1	1	1	1	1	0	1	1	1	1	1	1	1	0	1	1	1	1	1	1	1	1	0	0	1	1	1	0	0	0	0
GCA_023131275.1_ASM2313127v1_genomic	0	1	0	1	1	1	0	1	0	0	1	0	1	1	1	0	0	1	1	0	0	1	1	0	1	1	0	1	1	1	1	0	1	0	1	1	1	1	0	0	1	1	1	1	1	1	1	1	0	0	0	1	1	0	1	1	0	1	0	0	0	0	1	0	0	0	1	0	1	1	0	1	0	1	1	0
GCA_023132255.1_ASM2313225v1_genomic	0	0	1	0	0	0	0	0	1	0	1	0	0	0	0	0	0	1	0	1	0	0	1	0	1	1	1	0	1	1	1	1	1	1	1	1	0	1	0	1	1	0	0	0	1	1	1	1	1	1	0	1	0	1	1	1	0	1	0	1	1	0	0	0	1	1	1	0	0	1	1	1	0	0	0	0
GCA_023133375.1_ASM2313337v1_genomic	0	0	1	0	0	0	0	2	1	0	0	0	1	0	0	0	0	0	0	1	0	0	0	1	1	1	1	1	1	1	1	1	1	1	1	1	0	1	0	1	1	1	1	0	1	1	1	1	1	1	0	1	1	0	1	1	1	0	0	1	1	1	0	1	1	1	1	0	0	1	1	1	0	0	0	0
GCA_023133415.1_ASM2313341v1_genomic	0	0	1	0	0	1	0	2	0	0	1	0	1	0	0	1	0	1	0	0	0	0	1	1	1	1	1	1	1	1	1	0	1	1	1	1	0	1	1	1	1	1	1	0	1	1	1	1	1	1	0	1	1	1	1	1	1	1	0	1	0	1	0	1	1	1	1	0	0	1	1	1	1	0	0	0
GCA_023136775.1_ASM2313677v1_genomic	0	0	1	0	0	0	0	2	0	0	1	0	1	0	0	0	0	1	0	0	0	0	1	1	1	1	1	1	1	1	1	1	1	1	1	1	0	1	1	1	1	1	1	0	1	1	1	1	1	1	1	1	1	1	1	1	1	1	0	1	0	1	0	1	1	1	1	1	0	1	1	1	0	0	0	0
GCA_023137045.1_ASM2313704v1_genomic	0	0	1	0	0	0	0	2	0	0	1	0	1	0	0	0	0	1	0	1	0	0	1	1	1	1	1	1	1	1	1	1	1	0	1	1	0	1	0	1	1	1	1	0	1	1	1	1	0	1	0	1	1	1	1	1	1	1	0	1	1	1	0	1	1	1	1	0	0	0	1	1	0	0	0	0
GCA_023139205.1_ASM2313920v1_genomic	0	0	0	0	0	0	0	2	0	0	1	0	1	0	0	1	0	2	0	1	1	0	1	1	1	1	1	1	1	1	1	1	1	1	1	0	0	1	0	1	1	1	1	0	1	1	1	1	1	1	0	1	1	1	1	1	1	1	0	1	1	1	0	1	1	1	1	1	0	1	1	1	0	0	0	0
GCA_023140635.1_ASM2314063v1_genomic	1	0	1	0	0	0	0	2	0	0	1	0	1	0	0	0	0	1	0	0	0	0	1	1	1	1	1	1	1	1	1	0	1	1	1	1	0	1	1	1	1	1	0	0	1	0	1	1	1	1	1	1	1	0	1	1	1	1	0	1	0	1	0	1	1	1	0	1	0	1	1	1	1	0	0	0
GCA_023142835.1_ASM2314283v1_genomic	0	0	1	0	0	0	0	2	0	0	1	0	1	0	0	1	0	1	0	0	0	0	1	1	0	1	1	1	1	1	1	0	1	1	1	1	0	1	1	1	1	1	1	0	1	1	1	1	1	1	1	1	1	1	1	1	1	1	0	1	0	1	0	1	1	1	1	1	0	1	1	1	1	0	0	0
GCA_023143585.1_ASM2314358v1_genomic	8	0	1	1	1	0	0	0	0	0	1	0	1	0	0	1	0	1	0	1	3	0	2	0	0	0	1	1	1	2	0	0	1	0	0	1	0	2	0	0	1	1	1	1	0	0	1	0	0	0	0	1	1	1	1	1	0	2	0	2	0	0	0	2	5	0	0	0	0	2	2	1	0	1	1	0
GCA_023144035.1_ASM2314403v1_genomic	0	0	0	0	0	0	0	2	1	0	1	0	1	0	0	0	0	1	0	1	1	0	1	1	1	1	1	1	1	1	1	1	1	1	1	1	0	1	0	1	1	1	1	0	1	1	1	1	1	1	0	1	1	1	1	1	1	1	0	1	1	1	0	1	2	1	1	0	0	1	1	1	0	0	0	0
GCA_023228065.1_ASM2322806v1_genomic	0	0	1	0	0	0	0	2	1	0	1	0	1	0	0	0	0	1	0	2	0	0	1	0	1	1	1	1	1	1	1	1	1	1	1	1	0	1	0	2	1	1	1	0	1	1	1	1	1	1	0	1	1	1	1	1	0	1	0	1	1	1	1	1	6	2	1	0	0	1	1	1	0	0	0	0
GCA_023228245.1_ASM2322824v1_genomic	0	0	1	0	0	0	0	2	1	0	1	0	1	0	0	0	0	2	0	1	1	1	1	1	1	1	1	1	1	1	1	1	1	1	1	1	0	1	0	1	1	1	1	0	1	1	1	1	1	1	0	1	1	1	1	1	1	1	0	1	1	1	0	1	3	1	1	0	0	1	1	1	0	0	0	0
GCA_023252215.1_ASM2325221v1_genomic	1	1	1	1	1	1	1	2	1	1	1	1	1	1	0	1	1	1	1	1	1	1	1	1	1	1	1	1	1	0	1	1	0	1	1	1	1	0	1	1	1	1	1	1	1	1	1	1	1	1	1	1	1	1	1	1	1	1	1	2	0	1	1	1	1	1	1	1	1	1	1	1	1	1	1	1
GCA_023475035.1_ASM2347503v1_genomic	0	0	1	0	0	0	0	2	0	0	1	0	1	0	0	0	0	1	0	1	0	0	1	1	0	1	1	1	1	1	0	1	1	0	1	1	0	1	0	1	1	1	1	0	0	1	1	1	1	1	0	1	1	1	1	1	0	1	0	1	1	1	1	1	1	1	0	0	0	0	0	1	0	0	0	0
GCA_023484345.1_ASM2348434v1_genomic	0	0	0	0	0	0	0	1	0	0	1	0	1	0	0	0	0	1	0	1	0	0	1	1	1	1	1	1	0	0	1	1	0	0	0	0	0	0	0	0	0	0	0	0	2	1	0	0	1	0	0	2	2	1	0	1	1	1	0	1	0	1	0	1	0	1	1	1	0	1	1	1	0	0	0	0
GCA_023511755.1_ASM2351175v1_genomic	0	0	1	0	0	0	0	2	1	0	1	0	1	0	0	0	0	1	0	1	0	0	1	1	1	1	1	1	1	1	1	1	2	0	0	1	0	1	1	1	1	1	1	1	1	1	1	0	1	1	1	1	1	1	1	1	1	1	0	1	0	1	1	1	0	1	1	0	0	1	1	0	0	0	0	0
GCA_025058615.1_ASM2505861v1_genomic	0	0	1	0	0	1	0	2	1	1	0	0	1	0	0	0	0	1	0	1	0	0	1	1	1	1	1	1	1	1	1	1	1	1	1	1	0	1	0	1	1	1	1	0	1	1	1	1	1	1	1	1	1	1	1	1	1	1	0	1	1	1	0	1	1	1	1	0	0	1	1	1	0	0	0	0
GCA_026002795.1_ASM2600279v1_genomic	0	0	1	0	0	0	0	1	0	0	1	0	1	0	0	0	0	0	0	1	0	0	1	1	1	1	1	1	1	1	1	1	1	1	1	1	0	1	0	1	1	1	1	0	1	1	1	1	1	1	0	1	1	1	1	1	1	1	0	1	1	1	0	1	1	1	1	0	0	1	1	1	0	0	0	0
GCA_026016245.1_ASM2601624v1_genomic	0	0	1	0	0	0	0	2	1	0	1	0	1	0	0	1	0	0	0	1	0	0	1	1	1	1	1	1	1	1	1	1	1	1	1	1	0	1	1	1	1	1	1	1	1	1	1	1	1	1	1	1	1	1	1	1	1	1	0	1	1	1	1	1	1	1	1	0	0	1	1	1	0	0	0	0
GCA_026196215.1_ASM2619621v1_genomic	0	0	0	0	1	0	0	1	1	0	1	0	1	0	0	1	0	1	0	1	0	1	1	1	0	1	0	1	0	1	0	0	1	1	1	1	0	1	0	1	1	1	1	0	0	1	0	1	1	1	0	1	1	1	1	1	1	1	0	1	1	1	0	0	1	1	1	1	0	1	1	1	0	1	1	0
GCA_026395775.1_ASM2639577v1_genomic	0	0	1	0	0	0	0	2	0	0	1	0	1	0	0	0	0	1	0	1	0	0	1	1	1	1	1	1	1	1	0	0	1	1	1	1	0	1	0	1	1	0	1	1	1	1	1	1	1	1	0	1	1	1	1	1	1	1	0	0	1	1	1	1	0	1	1	1	0	1	1	0	0	0	0	0
GCA_026395795.1_ASM2639579v1_genomic	1	0	1	0	0	0	0	2	1	1	1	0	1	0	0	0	0	1	0	1	0	0	1	1	1	1	1	1	1	1	1	1	1	1	1	1	0	1	1	1	1	1	1	0	1	1	1	1	1	1	1	1	1	1	1	1	1	1	0	1	1	1	0	1	1	1	1	0	0	1	1	1	0	0	0	0
GCA_026395815.1_ASM2639581v1_genomic	1	0	1	0	0	0	0	2	1	0	1	0	1	0	0	0	0	0	0	1	0	0	1	1	1	1	1	1	1	1	1	1	1	1	1	1	0	1	0	1	1	1	1	0	1	1	1	1	1	1	0	1	1	1	1	1	1	1	0	1	1	1	1	1	1	1	1	0	0	1	1	1	0	0	0	0
GCA_026395835.1_ASM2639583v1_genomic	0	0	0	0	0	0	0	1	1	0	1	0	1	0	0	0	0	1	0	1	1	0	0	1	0	1	1	1	0	1	0	0	1	1	1	1	0	1	0	0	1	1	1	0	0	1	1	1	0	1	0	1	2	1	1	1	1	1	0	0	1	0	0	1	2	1	1	1	0	0	1	1	0	0	0	0
GCA_026395855.1_ASM2639585v1_genomic	1	0	0	0	0	0	0	1	0	0	1	0	1	0	0	0	0	0	0	1	0	0	1	1	1	1	1	1	1	1	1	1	1	1	1	0	0	1	0	1	1	1	1	0	1	1	1	1	1	0	0	1	1	1	1	1	1	1	0	1	1	1	0	1	1	1	1	0	0	2	1	2	0	0	0	0
GCA_026413745.1_ASM2641374v1_genomic	0	0	1	0	0	0	0	2	0	0	1	0	1	0	0	0	0	2	0	1	0	0	1	2	1	1	1	1	1	0	1	1	0	1	1	2	0	0	1	1	0	1	1	1	1	1	1	0	1	1	1	1	1	1	1	2	1	1	0	1	1	1	1	2	1	0	1	0	0	0	1	1	0	0	0	0
GCA_026414385.1_ASM2641438v1_genomic	0	0	1	0	0	0	0	0	0	0	0	0	1	0	0	0	0	1	0	1	0	0	1	1	1	1	1	1	1	1	1	1	1	1	1	1	0	1	1	1	1	1	1	0	1	1	1	1	0	1	1	1	1	1	1	1	1	1	0	1	1	1	1	1	1	1	1	0	0	1	1	1	0	0	0	0
GCA_027021195.1_ASM2702119v1_genomic	0	0	1	0	0	0	0	2	1	0	1	0	1	0	0	0	0	1	0	1	0	0	1	1	1	1	1	0	1	1	1	1	1	1	1	1	0	1	0	1	1	1	1	0	1	1	1	1	1	1	0	1	1	1	1	1	1	1	0	1	1	1	0	1	1	1	1	0	0	1	1	1	0	0	0	0
GCA_027036435.1_ASM2703643v1_genomic	0	0	1	0	0	0	0	2	1	0	1	0	1	0	0	0	0	1	0	1	0	0	1	2	1	1	1	1	1	1	1	1	1	1	1	1	0	1	0	1	1	1	1	0	1	1	1	1	2	1	0	1	0	0	1	1	2	0	0	1	1	1	0	1	1	1	1	0	0	1	1	1	1	0	0	0
GCA_027101555.1_ASM2710155v1_genomic	0	0	1	0	0	0	0	1	0	0	1	0	2	0	0	0	0	0	0	0	0	0	1	1	1	1	1	2	1	1	1	1	1	0	1	1	0	1	0	0	1	1	1	0	1	1	1	0	1	1	0	1	1	1	0	0	1	1	0	1	1	1	2	0	1	1	1	0	0	1	1	0	0	0	0	0
GCA_028275775.1_ASM2827577v1_genomic	0	0	1	0	0	0	0	2	1	1	1	0	1	1	1	0	0	1	0	1	1	0	1	1	1	0	1	0	1	1	1	0	1	1	1	1	0	1	1	0	1	1	1	1	1	1	1	1	1	1	0	1	1	1	0	1	1	1	0	1	1	1	1	1	1	1	1	1	0	1	1	1	1	0	0	0
GCA_028275885.1_ASM2827588v1_genomic	0	0	1	0	0	0	0	2	1	1	1	0	1	1	0	0	0	1	0	1	1	0	1	1	1	1	1	1	1	1	1	0	1	1	1	1	0	1	1	1	1	1	1	1	1	1	1	1	1	1	0	1	1	1	1	1	1	1	0	1	1	1	1	1	1	1	1	1	0	1	1	1	1	0	0	0
GCA_028276585.1_ASM2827658v1_genomic	0	0	1	0	0	0	0	2	1	0	1	0	1	0	1	0	0	1	0	1	1	0	1	1	1	0	1	0	1	0	1	0	1	0	1	1	0	1	0	0	1	0	1	1	1	0	1	1	1	1	0	1	0	1	1	0	1	1	0	1	1	1	1	0	1	1	1	0	0	1	0	1	0	0	0	0
GCA_028276785.1_ASM2827678v1_genomic	0	0	1	0	0	0	0	2	1	1	1	0	1	1	0	0	0	1	0	1	1	0	0	1	1	1	1	1	1	1	1	0	1	1	1	1	0	1	0	1	1	1	1	1	1	1	1	1	1	1	0	1	1	1	1	1	1	1	0	1	1	1	1	1	1	1	1	1	0	1	1	1	1	0	0	0
GCA_028276855.1_ASM2827685v1_genomic	0	0	1	0	0	0	0	2	1	1	1	0	1	1	1	0	0	1	0	1	1	0	1	1	1	0	1	1	1	1	1	0	1	1	1	1	0	1	1	1	1	1	1	1	1	1	1	1	1	1	0	1	1	1	1	1	1	1	0	1	1	1	1	1	1	1	1	1	0	1	1	1	1	0	0	0
GCA_028279045.1_ASM2827904v1_genomic	1	1	1	1	1	0	0	2	0	1	1	0	1	0	1	1	0	0	0	1	1	0	1	1	1	1	1	1	1	1	1	1	1	1	1	1	1	1	1	1	1	1	1	1	1	1	1	1	1	1	0	0	1	0	1	1	1	1	0	1	1	1	0	1	1	1	1	1	0	1	1	1	1	1	1	1
GCA_028279655.1_ASM2827965v1_genomic	1	1	1	0	0	1	1	2	1	1	1	0	1	0	2	1	0	1	1	1	1	1	1	1	1	1	1	1	1	1	1	1	1	1	1	1	0	1	1	1	1	1	1	1	1	1	1	1	1	1	1	1	1	1	1	1	1	1	0	1	1	1	1	1	1	1	1	2	0	1	1	1	1	0	0	0
GCA_028279685.1_ASM2827968v1_genomic	0	0	1	0	0	0	0	2	0	0	1	0	1	1	1	1	0	1	0	1	2	0	1	1	1	1	1	1	1	1	1	1	1	1	1	1	0	1	1	1	1	1	1	1	1	1	1	1	1	1	2	1	1	1	1	1	1	1	0	1	1	1	0	1	1	1	1	1	0	1	2	1	1	0	0	0
GCA_028279725.1_ASM2827972v1_genomic	1	1	1	0	0	1	1	2	1	1	1	0	1	1	2	1	0	2	0	1	1	1	1	1	1	1	1	1	1	1	1	1	1	1	1	1	0	1	1	1	1	1	1	1	1	1	1	1	1	1	1	1	1	1	1	1	1	1	0	2	1	1	1	1	1	1	1	1	0	1	1	1	1	0	0	0
GCA_028279745.1_ASM2827974v1_genomic	1	0	1	0	0	0	0	2	1	1	1	0	1	0	1	0	0	1	0	1	1	1	1	1	1	1	1	1	1	1	1	1	1	1	1	1	0	1	1	1	1	1	1	1	1	1	1	1	1	1	1	1	1	1	1	1	1	1	0	1	1	1	0	1	1	1	1	1	0	1	1	1	1	0	0	0
GCA_028279755.1_ASM2827975v1_genomic	1	1	1	0	0	1	1	1	1	0	1	0	1	1	2	0	0	1	0	1	1	1	1	1	1	1	1	1	0	1	1	1	1	1	1	1	0	1	1	1	1	1	1	1	1	1	1	1	1	1	1	1	1	1	1	1	1	1	0	1	1	1	1	1	1	1	1	1	0	1	1	1	1	0	0	0
GCA_028279765.1_ASM2827976v1_genomic	1	1	1	1	1	1	1	2	1	1	1	0	1	0	1	1	0	0	1	1	1	1	1	1	1	1	1	1	1	1	1	1	1	1	1	1	0	1	1	1	1	1	1	1	1	1	1	1	1	1	1	0	1	1	1	1	1	1	0	1	1	1	1	1	1	1	1	1	0	1	1	1	1	1	0	1
GCA_028686985.1_ASM2868698v1_genomic	1	1	1	1	1	1	0	1	1	1	0	1	1	1	1	1	1	1	0	1	1	1	1	1	1	1	1	1	1	1	1	1	1	1	1	1	1	1	1	1	1	1	1	1	1	0	1	1	1	1	1	1	1	0	1	1	1	0	1	1	1	1	1	1	1	1	1	1	1	0	1	1	1	1	1	1
GCA_028690725.1_ASM2869072v1_genomic	0	0	0	0	0	1	0	1	0	0	1	0	1	1	0	0	0	1	0	1	1	0	1	1	1	1	0	1	1	1	1	1	1	1	1	1	0	1	0	0	1	1	1	1	1	0	1	1	1	1	0	1	1	1	1	1	1	0	1	1	0	1	0	0	1	0	1	0	1	1	0	1	3	0	0	0
GCA_028691435.1_ASM2869143v1_genomic	0	0	0	0	0	1	0	1	1	0	1	0	1	1	1	0	3	1	0	1	1	0	1	1	1	1	1	1	1	1	1	1	1	0	1	1	0	1	1	1	1	1	1	1	1	1	1	1	1	1	0	1	1	1	1	1	1	1	1	1	1	1	1	1	1	1	1	0	1	1	1	1	2	0	0	0
GCA_028691765.1_ASM2869176v1_genomic	0	0	1	0	0	0	0	2	1	0	1	0	1	1	1	0	0	2	0	1	1	0	1	1	1	1	1	1	1	1	1	1	1	1	1	1	0	1	1	1	1	1	1	1	1	1	1	1	1	1	1	1	2	1	1	1	1	1	0	2	1	1	1	1	2	1	1	1	0	1	1	1	1	0	0	0
GCA_028693335.1_ASM2869333v1_genomic	1	0	0	0	0	0	0	1	0	0	1	0	1	1	0	0	0	1	0	1	0	1	1	1	1	1	1	1	1	1	1	1	1	1	1	1	0	1	0	1	1	1	1	1	1	1	1	1	1	1	0	1	1	1	1	1	1	1	1	1	1	1	0	1	1	1	1	0	0	1	1	1	1	0	0	0
GCA_028693395.1_ASM2869339v1_genomic	0	0	1	0	0	0	0	2	0	0	1	0	1	0	0	0	0	1	0	1	1	0	1	1	1	1	1	1	1	1	1	1	1	1	1	1	0	1	1	1	1	0	0	1	1	1	1	1	1	1	1	1	1	1	1	1	1	1	0	0	1	1	1	1	1	1	1	0	0	1	1	1	2	0	0	0
GCA_028700115.1_ASM2870011v1_genomic	0	0	0	0	0	0	0	1	1	0	1	0	1	1	1	0	0	1	0	1	1	0	1	1	1	1	1	1	1	1	1	1	1	1	1	1	0	1	1	1	1	1	1	1	1	1	1	1	1	1	0	1	1	1	1	1	1	1	1	2	1	1	0	1	1	1	1	0	1	1	1	1	1	0	0	0
GCA_028700905.1_ASM2870090v1_genomic	0	0	0	0	0	0	0	1	1	0	1	0	1	1	0	0	0	1	0	1	1	0	1	1	1	1	1	1	1	1	1	1	1	1	1	1	0	1	1	1	1	1	1	1	1	1	1	1	1	1	0	1	1	1	1	1	1	1	1	1	0	1	0	1	1	1	1	0	1	1	1	1	1	0	0	0
GCA_028701835.1_ASM2870183v1_genomic	0	1	1	0	0	1	0	1	1	0	1	0	1	1	1	1	1	2	0	1	1	0	1	1	1	1	1	1	1	1	1	1	1	1	1	1	0	1	1	1	1	1	1	1	1	1	1	1	1	1	0	1	1	1	1	1	1	1	1	1	1	1	0	1	1	1	1	0	1	1	1	0	1	0	0	0
GCA_028702895.1_ASM2870289v1_genomic	0	1	0	0	0	1	0	1	0	0	1	0	1	1	1	1	1	1	0	1	1	0	1	1	1	1	1	1	1	1	1	1	1	1	1	1	0	1	1	1	1	1	1	1	1	1	1	1	1	1	0	1	1	1	1	1	1	1	1	1	1	1	0	1	1	1	1	0	1	1	2	1	2	0	0	0
GCA_028704265.1_ASM2870426v1_genomic	0	0	0	0	0	1	0	1	1	0	1	0	1	1	1	3	0	1	0	1	1	0	1	1	1	1	1	1	0	1	1	0	1	1	1	1	1	1	0	1	1	1	1	1	1	1	0	1	0	1	0	1	1	1	1	1	1	1	0	1	1	1	0	1	0	1	1	0	1	0	2	1	1	0	0	0
GCA_028706215.1_ASM2870621v1_genomic	0	0	1	0	0	0	0	2	0	0	1	0	1	0	0	0	0	1	0	0	0	0	1	1	1	1	1	1	0	1	1	0	1	1	1	1	0	1	0	1	1	1	1	0	1	1	1	1	1	1	1	2	1	1	1	1	1	1	0	1	0	1	0	1	1	0	1	0	0	1	1	1	1	0	0	0
GCA_028706745.1_ASM2870674v1_genomic	1	1	1	0	0	0	0	2	0	1	1	0	1	0	0	1	0	1	0	1	1	0	1	1	1	1	1	1	1	1	1	1	1	1	1	1	0	1	1	1	1	1	1	1	1	1	1	1	1	1	1	1	1	1	1	1	1	1	0	1	1	1	0	1	1	1	1	0	0	1	1	1	2	0	0	0
GCA_028708135.1_ASM2870813v1_genomic	0	0	0	0	0	0	0	1	1	0	1	0	1	1	0	0	0	1	0	1	1	0	1	1	1	1	1	1	1	1	1	1	1	1	1	1	0	1	0	1	1	1	1	1	1	1	1	1	1	1	0	1	1	1	1	1	1	1	1	1	1	1	0	1	1	1	1	0	1	0	1	1	1	0	0	0
GCA_028710615.1_ASM2871061v1_genomic	0	0	1	0	0	1	0	2	1	0	1	0	1	1	1	0	0	2	0	1	1	0	1	1	1	1	1	1	1	1	1	1	1	1	1	1	0	1	1	1	1	1	1	1	1	1	1	1	1	0	1	1	1	1	1	1	1	1	0	1	1	1	0	1	1	1	1	0	1	1	1	1	1	0	0	0
GCA_028710695.1_ASM2871069v1_genomic	0	0	0	0	0	0	0	1	1	0	1	0	0	1	1	0	0	1	0	1	1	0	1	1	1	1	1	1	1	1	1	1	1	1	1	1	1	1	1	1	1	1	1	1	1	1	1	1	1	1	1	1	1	1	1	1	1	1	1	1	1	1	0	1	1	1	1	0	1	1	2	1	1	0	0	0
GCA_028711165.1_ASM2871116v1_genomic	0	0	1	0	0	0	0	1	1	0	1	0	1	0	0	0	0	1	0	1	0	0	1	1	1	1	1	1	1	1	1	1	1	1	1	1	0	1	0	1	1	1	1	0	1	1	1	1	1	1	0	1	1	1	1	1	1	1	0	1	1	1	0	1	1	1	1	0	0	1	1	1	0	0	0	0
GCA_028711485.1_ASM2871148v1_genomic	1	0	1	1	1	1	1	1	1	0	1	1	2	1	1	1	0	1	0	1	1	1	1	1	1	1	1	2	1	1	1	0	1	1	1	1	1	1	1	1	1	1	1	1	1	0	1	1	1	1	0	1	1	2	1	1	1	1	1	0	2	1	2	1	1	1	0	0	1	0	0	0	1	1	1	1
GCA_028711925.1_ASM2871192v1_genomic	0	1	1	0	0	0	0	1	1	1	1	0	1	0	2	0	0	1	0	0	1	0	1	0	1	1	1	1	0	1	1	0	1	1	1	1	0	1	1	1	1	1	1	1	1	1	1	1	1	1	1	1	1	1	1	1	1	1	0	1	0	1	0	0	1	1	1	1	0	1	1	1	1	0	0	0
GCA_028712575.1_ASM2871257v1_genomic	1	1	1	0	0	0	0	1	1	1	1	0	1	1	2	1	1	1	0	1	1	1	1	1	1	0	0	0	1	1	1	1	1	1	1	1	0	1	0	1	1	0	1	1	1	0	1	1	1	1	0	1	1	1	1	1	1	1	1	1	1	1	0	1	1	1	1	1	0	1	1	1	1	0	0	0
GCA_028713045.1_ASM2871304v1_genomic	0	0	1	0	0	1	0	2	1	0	1	0	1	0	0	0	0	0	0	1	0	0	1	1	1	1	1	1	1	1	1	1	1	1	1	1	0	1	0	1	0	1	1	0	1	1	1	1	1	1	1	1	1	1	1	1	1	1	0	1	1	1	0	1	1	1	1	0	0	1	1	1	0	0	0	0
GCA_028713495.1_ASM2871349v1_genomic	1	0	1	1	1	1	1	1	0	1	1	1	1	1	0	1	1	1	0	1	1	0	1	1	1	1	1	1	1	1	1	0	1	1	1	1	1	1	1	1	1	1	1	1	1	0	1	1	1	1	1	1	1	1	1	1	1	1	1	1	1	0	1	1	1	1	1	1	1	1	0	1	1	1	1	1
GCA_028713535.1_ASM2871353v1_genomic	1	1	1	0	0	0	0	2	1	0	1	0	1	0	0	0	0	1	0	1	1	0	1	1	1	1	1	1	1	1	1	1	1	1	1	1	0	1	0	1	1	1	1	1	1	1	1	1	1	1	1	1	1	1	1	1	1	1	0	1	1	1	1	1	1	1	1	0	0	1	1	1	1	0	0	0
GCA_028713895.1_ASM2871389v1_genomic	1	0	1	0	0	1	0	2	1	1	1	0	1	0	1	0	0	0	0	1	1	0	1	1	1	1	1	1	1	1	1	1	1	1	1	1	0	1	1	1	1	1	1	1	1	1	1	1	1	1	1	1	1	1	1	1	1	1	0	1	1	1	1	1	1	1	1	0	1	1	1	1	1	0	0	0
GCA_028713935.1_ASM2871393v1_genomic	1	1	1	1	1	1	1	1	1	1	1	0	1	1	1	1	1	1	0	1	1	1	1	1	1	1	1	1	1	1	1	1	1	1	1	1	0	1	1	1	1	1	1	1	1	0	1	1	1	1	1	1	1	1	1	1	1	1	1	2	1	1	0	1	1	1	0	1	1	1	1	1	1	1	1	1
GCA_028714095.1_ASM2871409v1_genomic	1	1	1	0	0	0	0	2	1	0	1	0	1	0	0	2	0	1	0	1	1	0	1	1	1	1	1	1	1	1	1	1	1	1	1	1	0	1	0	1	1	1	1	1	1	1	1	1	1	1	1	1	1	1	1	1	1	1	0	1	1	1	1	1	1	1	1	0	0	1	1	1	1	0	0	0
GCA_028714235.1_ASM2871423v1_genomic	1	1	1	1	1	1	1	1	1	1	1	1	1	1	1	1	2	1	1	1	1	1	1	1	1	1	1	1	1	1	1	1	1	1	1	1	1	1	1	1	1	1	1	1	1	1	1	1	1	1	1	1	1	1	1	1	1	1	1	1	1	1	1	1	0	1	1	1	1	1	1	1	1	1	1	1
GCA_028714375.1_ASM2871437v1_genomic	0	0	1	0	0	0	0	2	1	0	1	0	1	0	0	0	0	1	0	1	1	0	1	1	1	1	1	1	1	1	1	1	1	1	1	1	0	1	0	1	1	1	1	1	1	1	1	1	1	1	1	1	1	1	1	1	1	1	0	1	1	1	1	1	1	1	1	0	0	1	1	1	1	0	0	0
GCA_028714395.1_ASM2871439v1_genomic	1	1	1	1	1	0	1	1	1	1	1	1	1	1	2	1	1	1	0	1	1	1	1	0	1	1	1	1	1	1	1	0	1	1	1	1	1	1	1	0	1	1	1	1	1	0	1	1	1	1	1	1	1	1	1	0	0	1	0	0	1	1	1	1	1	0	1	0	1	0	0	1	1	1	1	1
GCA_028714535.1_ASM2871453v1_genomic	1	1	1	1	1	1	1	1	1	1	1	1	1	1	1	1	1	1	0	1	1	1	1	1	1	1	1	1	1	1	1	0	1	1	1	1	1	1	1	1	1	1	1	1	1	0	1	1	1	1	1	1	1	1	1	1	1	1	1	1	1	1	0	1	1	1	1	1	1	1	1	1	1	1	1	1
GCA_028715295.1_ASM2871529v1_genomic	0	0	1	0	0	0	0	2	1	0	1	0	1	0	1	0	0	1	0	1	1	0	1	1	1	1	1	1	1	1	1	1	1	1	1	1	0	1	1	1	1	1	1	1	1	1	1	1	1	1	1	1	1	1	1	0	1	1	0	1	1	1	1	1	1	1	1	0	0	1	1	0	1	0	0	0
GCA_028716945.1_ASM2871694v1_genomic	0	0	1	0	0	0	0	2	1	0	1	0	1	0	0	0	0	1	0	1	1	0	1	1	1	1	1	1	1	1	1	1	1	1	1	1	0	1	1	1	1	1	1	1	1	1	1	1	1	1	1	1	1	1	1	1	1	1	0	1	1	1	1	1	1	1	1	0	1	1	1	1	0	0	0	0
GCA_028717785.1_ASM2871778v1_genomic	0	0	1	0	0	0	0	2	1	0	1	0	1	0	0	0	0	1	0	1	2	0	1	1	1	0	1	1	1	1	1	0	1	1	1	0	0	1	0	1	1	1	1	1	1	1	1	1	1	1	1	1	1	1	1	1	1	0	0	1	1	1	1	1	6	1	1	0	1	1	1	1	0	0	0	0
GCA_028718305.1_ASM2871830v1_genomic	0	0	1	0	0	0	0	1	0	0	1	0	1	0	0	0	0	1	0	1	0	0	1	2	1	1	1	1	1	1	1	1	1	1	1	1	0	1	0	1	1	1	1	0	1	1	1	1	2	1	0	1	2	1	1	2	1	1	0	1	1	1	0	1	1	2	1	1	0	1	2	1	0	0	0	0
GCA_028718805.1_ASM2871880v1_genomic	1	0	1	0	0	0	0	2	0	0	1	0	1	0	0	1	0	1	0	1	0	0	1	1	1	1	1	1	1	1	1	1	1	1	1	1	0	1	0	1	1	1	1	0	1	1	1	1	1	1	1	1	0	1	1	1	1	1	0	1	1	1	0	1	1	1	1	1	0	1	1	1	0	0	0	0
GCA_030017345.1_ASM3001734v1_genomic	1	1	0	1	0	0	0	1	1	1	0	1	1	1	1	1	1	1	1	1	1	0	1	1	1	0	0	1	1	0	1	1	1	1	1	0	0	1	1	1	1	1	1	1	1	1	1	1	1	1	0	0	1	0	1	0	1	1	1	1	0	1	1	1	1	1	0	0	0	1	0	0	1	1	1	1
GCA_902385255.1_uncultured_DPANN_archaeon_LFW-252_1_genomic	0	0	1	0	0	1	0	2	1	0	1	0	1	1	1	0	0	1	0	1	1	0	1	0	1	1	1	1	1	1	1	1	1	1	1	1	0	1	1	1	1	1	1	1	1	1	1	1	1	1	1	0	1	1	1	1	1	1	0	1	1	1	1	1	1	1	1	1	1	1	1	1	2	0	0	0
GCA_920984865.1_Q6268_genomic	0	0	1	0	0	0	0	1	1	1	0	0	2	0	1	0	0	1	0	0	2	0	2	0	1	2	0	1	1	0	1	0	1	1	1	0	0	1	0	0	0	1	1	1	0	1	1	0	1	1	0	1	0	2	1	0	2	1	0	2	1	1	0	0	7	0	0	1	0	1	1	1	1	0	0	0
TARA_RED_MAG_00018.fa	1	1	1	1	1	1	3	1	1	1	1	1	1	1	1	1	1	1	1	1	1	1	1	1	1	1	1	1	1	1	1	1	1	1	1	1	1	1	1	1	1	1	1	1	1	1	1	1	1	1	1	1	1	1	1	1	1	1	1	1	1	1	1	1	2	1	1	1	1	1	1	1	1	1	1	1
TARA_RED_MAG_00021.fa	1	1	1	1	1	1	2	1	1	1	1	1	1	1	1	1	1	1	1	1	1	1	1	1	1	1	1	1	1	1	1	1	1	1	1	1	0	1	1	1	1	1	1	1	1	1	1	1	1	1	1	1	1	1	1	1	1	1	1	1	1	1	1	1	1	1	1	1	1	1	1	2	1	1	1	1
